timeStamp,elapsed,label,responseCode,responseMessage,threadName,dataType,success,failureMessage,bytes,sentBytes,grpThreads,allThreads,Latency,IdleTime,Connect
2023/10/02 15:08:48.106,790,Get Token,200,OK,bzm - Concurrency Thread Group-ThreadStarter 1-1,text,true,,471,335,2,2,790,0,595
2023/10/02 15:08:48.108,796,Get Token,200,OK,bzm - Concurrency Thread Group-ThreadStarter 1-2,text,true,,471,335,2,2,796,0,596
2023/10/02 15:08:48.897,1047,Get Identifications,200,OK,bzm - Concurrency Thread Group-ThreadStarter 1-1,text,true,,2033,525,2,2,1047,0,593
2023/10/02 15:08:48.905,1062,Get Identifications,200,OK,bzm - Concurrency Thread Group-ThreadStarter 1-2,text,true,,2033,525,2,2,1062,0,600
2023/10/02 15:08:49.944,417,Get Qualifications,200,OK,bzm - Concurrency Thread Group-ThreadStarter 1-1,text,true,,1027,524,2,2,417,0,0
2023/10/02 15:08:49.968,600,Get Qualifications,200,OK,bzm - Concurrency Thread Group-ThreadStarter 1-2,text,true,,1027,524,2,2,600,0,0
2023/10/02 15:08:50.362,207,Get Financial-Relations,400,Bad Request,bzm - Concurrency Thread Group-ThreadStarter 1-1,text,false,,479,547,2,2,207,0,0
2023/10/02 15:08:50.570,201,Get Financial-Relations,400,Bad Request,bzm - Concurrency Thread Group-ThreadStarter 1-2,text,false,,479,547,2,2,201,0,0
2023/10/02 15:08:50.570,829,Get Token,200,OK,bzm - Concurrency Thread Group-ThreadStarter 1-1,text,true,,471,335,2,2,829,0,635
2023/10/02 15:08:50.772,831,Get Token,200,OK,bzm - Concurrency Thread Group-ThreadStarter 1-2,text,true,,471,335,2,2,831,0,626
2023/10/02 15:08:51.399,926,Get Identifications,200,OK,bzm - Concurrency Thread Group-ThreadStarter 1-1,text,true,,2033,525,2,2,926,0,673
2023/10/02 15:08:51.603,851,Get Identifications,200,OK,bzm - Concurrency Thread Group-ThreadStarter 1-2,text,true,,2033,525,2,2,851,0,602
2023/10/02 15:08:52.325,418,Get Qualifications,200,OK,bzm - Concurrency Thread Group-ThreadStarter 1-1,text,true,,1027,524,2,2,418,0,0
2023/10/02 15:08:52.454,407,Get Qualifications,200,OK,bzm - Concurrency Thread Group-ThreadStarter 1-2,text,true,,1027,524,2,2,407,0,0
2023/10/02 15:08:52.743,217,Get Financial-Relations,400,Bad Request,bzm - Concurrency Thread Group-ThreadStarter 1-1,text,false,,479,547,2,2,217,0,0
2023/10/02 15:08:52.861,199,Get Financial-Relations,400,Bad Request,bzm - Concurrency Thread Group-ThreadStarter 1-2,text,false,,479,547,2,2,199,0,0
2023/10/02 15:08:52.960,803,Get Token,200,OK,bzm - Concurrency Thread Group-ThreadStarter 1-1,text,true,,471,335,2,2,803,0,605
2023/10/02 15:08:53.060,796,Get Token,200,OK,bzm - Concurrency Thread Group-ThreadStarter 1-2,text,true,,471,335,2,2,796,0,598
2023/10/02 15:08:53.764,843,Get Identifications,200,OK,bzm - Concurrency Thread Group-ThreadStarter 1-1,text,true,,2033,525,2,2,843,0,594
2023/10/02 15:08:53.856,859,Get Identifications,200,OK,bzm - Concurrency Thread Group-ThreadStarter 1-2,text,true,,2033,525,2,2,859,0,590
2023/10/02 15:08:54.607,407,Get Qualifications,200,OK,bzm - Concurrency Thread Group-ThreadStarter 1-1,text,true,,1027,524,2,2,407,0,0
2023/10/02 15:08:54.715,402,Get Qualifications,200,OK,bzm - Concurrency Thread Group-ThreadStarter 1-2,text,true,,1027,524,2,2,402,0,0
2023/10/02 15:08:55.015,199,Get Financial-Relations,400,Bad Request,bzm - Concurrency Thread Group-ThreadStarter 1-1,text,false,,479,547,2,2,199,0,0
2023/10/02 15:08:55.117,196,Get Financial-Relations,400,Bad Request,bzm - Concurrency Thread Group-ThreadStarter 1-2,text,false,,479,547,2,2,196,0,0
2023/10/02 15:08:55.215,784,Get Token,200,OK,bzm - Concurrency Thread Group-ThreadStarter 1-1,text,true,,471,335,2,2,784,0,589
2023/10/02 15:08:55.314,895,Get Token,200,OK,bzm - Concurrency Thread Group-ThreadStarter 1-2,text,true,,471,335,2,2,895,0,674
2023/10/02 15:08:56.000,872,Get Identifications,200,OK,bzm - Concurrency Thread Group-ThreadStarter 1-1,text,true,,2033,525,2,2,872,0,616
2023/10/02 15:08:56.209,856,Get Identifications,200,OK,bzm - Concurrency Thread Group-ThreadStarter 1-2,text,true,,2033,525,2,2,856,0,604
2023/10/02 15:08:56.872,407,Get Qualifications,200,OK,bzm - Concurrency Thread Group-ThreadStarter 1-1,text,true,,1027,524,2,2,407,0,0
2023/10/02 15:08:57.279,198,Get Financial-Relations,400,Bad Request,bzm - Concurrency Thread Group-ThreadStarter 1-1,text,false,,479,547,2,2,198,0,0
2023/10/02 15:08:57.066,427,Get Qualifications,200,OK,bzm - Concurrency Thread Group-ThreadStarter 1-2,text,true,,1027,524,2,2,427,0,0
2023/10/02 15:08:57.493,199,Get Financial-Relations,400,Bad Request,bzm - Concurrency Thread Group-ThreadStarter 1-2,text,false,,479,547,2,2,199,0,0
2023/10/02 15:08:57.477,795,Get Token,200,OK,bzm - Concurrency Thread Group-ThreadStarter 1-1,text,true,,471,335,2,2,795,0,597
2023/10/02 15:08:57.692,787,Get Token,200,OK,bzm - Concurrency Thread Group-ThreadStarter 1-2,text,true,,471,335,2,2,787,0,591
2023/10/02 15:08:58.272,841,Get Identifications,200,OK,bzm - Concurrency Thread Group-ThreadStarter 1-1,text,true,,2033,525,2,2,841,0,595
2023/10/02 15:08:58.479,843,Get Identifications,200,OK,bzm - Concurrency Thread Group-ThreadStarter 1-2,text,true,,2033,525,2,2,843,0,593
2023/10/02 15:08:59.113,430,Get Qualifications,200,OK,bzm - Concurrency Thread Group-ThreadStarter 1-1,text,true,,1027,524,2,2,430,0,0
2023/10/02 15:08:59.322,409,Get Qualifications,200,OK,bzm - Concurrency Thread Group-ThreadStarter 1-2,text,true,,1027,524,2,2,409,0,0
2023/10/02 15:08:59.544,204,Get Financial-Relations,400,Bad Request,bzm - Concurrency Thread Group-ThreadStarter 1-1,text,false,,479,547,2,2,204,0,0
2023/10/02 15:08:59.731,200,Get Financial-Relations,400,Bad Request,bzm - Concurrency Thread Group-ThreadStarter 1-2,text,false,,479,547,2,2,200,0,0
2023/10/02 15:08:59.748,796,Get Token,200,OK,bzm - Concurrency Thread Group-ThreadStarter 1-1,text,true,,471,335,2,2,796,0,599
2023/10/02 15:08:59.932,807,Get Token,200,OK,bzm - Concurrency Thread Group-ThreadStarter 1-2,text,true,,471,335,2,2,807,0,609
2023/10/02 15:09:00.544,901,Get Identifications,200,OK,bzm - Concurrency Thread Group-ThreadStarter 1-1,text,true,,2033,525,2,2,901,0,588
2023/10/02 15:09:00.739,851,Get Identifications,200,OK,bzm - Concurrency Thread Group-ThreadStarter 1-2,text,true,,2033,525,2,2,851,0,603
2023/10/02 15:09:01.446,406,Get Qualifications,200,OK,bzm - Concurrency Thread Group-ThreadStarter 1-1,text,true,,1027,524,2,2,406,0,0
2023/10/02 15:09:01.590,414,Get Qualifications,200,OK,bzm - Concurrency Thread Group-ThreadStarter 1-2,text,true,,1027,524,2,2,414,0,0
2023/10/02 15:09:01.852,208,Get Financial-Relations,400,Bad Request,bzm - Concurrency Thread Group-ThreadStarter 1-1,text,false,,479,547,2,2,208,0,0
2023/10/02 15:09:02.004,200,Get Financial-Relations,400,Bad Request,bzm - Concurrency Thread Group-ThreadStarter 1-2,text,false,,479,547,2,2,200,0,0
2023/10/02 15:09:02.061,801,Get Token,200,OK,bzm - Concurrency Thread Group-ThreadStarter 1-1,text,true,,471,335,2,2,801,0,600
2023/10/02 15:09:02.205,833,Get Token,200,OK,bzm - Concurrency Thread Group-ThreadStarter 1-2,text,true,,471,335,2,2,833,0,612
2023/10/02 15:09:02.862,899,Get Identifications,200,OK,bzm - Concurrency Thread Group-ThreadStarter 1-1,text,true,,2033,525,2,2,899,0,623
2023/10/02 15:09:03.038,898,Get Identifications,200,OK,bzm - Concurrency Thread Group-ThreadStarter 1-2,text,true,,2033,525,2,2,898,0,649
2023/10/02 15:09:03.761,410,Get Qualifications,200,OK,bzm - Concurrency Thread Group-ThreadStarter 1-1,text,true,,1027,524,2,2,410,0,0
2023/10/02 15:09:03.936,403,Get Qualifications,200,OK,bzm - Concurrency Thread Group-ThreadStarter 1-2,text,true,,1027,524,2,2,403,0,0
2023/10/02 15:09:04.171,199,Get Financial-Relations,400,Bad Request,bzm - Concurrency Thread Group-ThreadStarter 1-1,text,false,,479,547,2,2,199,0,0
2023/10/02 15:09:04.339,201,Get Financial-Relations,400,Bad Request,bzm - Concurrency Thread Group-ThreadStarter 1-2,text,false,,479,547,2,2,201,0,0
2023/10/02 15:09:04.370,788,Get Token,200,OK,bzm - Concurrency Thread Group-ThreadStarter 1-1,text,true,,471,335,2,2,788,0,593
2023/10/02 15:09:04.541,788,Get Token,200,OK,bzm - Concurrency Thread Group-ThreadStarter 1-2,text,true,,471,335,2,2,788,0,591
2023/10/02 15:09:05.158,902,Get Identifications,200,OK,bzm - Concurrency Thread Group-ThreadStarter 1-1,text,true,,2033,525,2,2,902,0,648
2023/10/02 15:09:05.329,845,Get Identifications,200,OK,bzm - Concurrency Thread Group-ThreadStarter 1-2,text,true,,2033,525,2,2,845,0,596
2023/10/02 15:09:06.061,467,Get Qualifications,200,OK,bzm - Concurrency Thread Group-ThreadStarter 1-1,text,true,,1027,524,2,2,467,0,0
2023/10/02 15:09:06.175,455,Get Qualifications,200,OK,bzm - Concurrency Thread Group-ThreadStarter 1-2,text,true,,1027,524,2,2,455,0,0
2023/10/02 15:09:06.529,201,Get Financial-Relations,400,Bad Request,bzm - Concurrency Thread Group-ThreadStarter 1-1,text,false,,479,547,2,2,201,0,0
2023/10/02 15:09:06.630,199,Get Financial-Relations,400,Bad Request,bzm - Concurrency Thread Group-ThreadStarter 1-2,text,false,,479,547,2,2,199,0,0
2023/10/02 15:09:06.730,819,Get Token,200,OK,bzm - Concurrency Thread Group-ThreadStarter 1-1,text,true,,471,335,2,2,819,0,624
2023/10/02 15:09:06.830,801,Get Token,200,OK,bzm - Concurrency Thread Group-ThreadStarter 1-2,text,true,,471,335,2,2,801,0,604
2023/10/02 15:09:07.549,852,Get Identifications,200,OK,bzm - Concurrency Thread Group-ThreadStarter 1-1,text,true,,2033,525,2,2,852,0,591
2023/10/02 15:09:07.631,911,Get Identifications,200,OK,bzm - Concurrency Thread Group-ThreadStarter 1-2,text,true,,2033,525,2,2,911,0,628
2023/10/02 15:09:08.401,406,Get Qualifications,200,OK,bzm - Concurrency Thread Group-ThreadStarter 1-1,text,true,,1027,524,2,2,406,0,0
2023/10/02 15:09:08.807,199,Get Financial-Relations,400,Bad Request,bzm - Concurrency Thread Group-ThreadStarter 1-1,text,false,,479,547,2,2,199,0,0
2023/10/02 15:09:09.007,785,Get Token,200,OK,bzm - Concurrency Thread Group-ThreadStarter 1-1,text,true,,471,335,2,2,785,0,590
2023/10/02 15:09:08.542,5313,Get Qualifications,200,OK,bzm - Concurrency Thread Group-ThreadStarter 1-2,text,true,,1027,524,2,2,5313,0,0
2023/10/02 15:09:13.854,600,Get Financial-Relations,400,Bad Request,bzm - Concurrency Thread Group-ThreadStarter 1-2,text,false,,479,547,2,2,600,0,399
2023/10/02 15:09:14.455,784,Get Token,200,OK,bzm - Concurrency Thread Group-ThreadStarter 1-2,text,true,,471,335,2,2,784,0,589
2023/10/02 15:09:09.793,14894,Get Identifications,200,OK,bzm - Concurrency Thread Group-ThreadStarter 1-1,text,true,,2033,525,2,2,14894,0,613
2023/10/02 15:09:24.687,2733,Get Qualifications,200,OK,bzm - Concurrency Thread Group-ThreadStarter 1-1,text,true,,1027,524,2,2,2733,0,682
2023/10/02 15:09:15.240,12515,Get Identifications,200,OK,bzm - Concurrency Thread Group-ThreadStarter 1-2,text,true,,2033,525,2,2,12515,0,605
2023/10/02 15:09:27.421,607,Get Financial-Relations,400,Bad Request,bzm - Concurrency Thread Group-ThreadStarter 1-1,text,false,,479,547,2,2,607,0,404
2023/10/02 15:09:28.029,795,Get Token,200,OK,bzm - Concurrency Thread Group-ThreadStarter 1-1,text,true,,471,335,2,2,795,0,599
2023/10/02 15:09:27.756,1372,Get Qualifications,200,OK,bzm - Concurrency Thread Group-ThreadStarter 1-2,text,true,,1027,524,2,2,1372,0,604
2023/10/02 15:09:29.129,209,Get Financial-Relations,400,Bad Request,bzm - Concurrency Thread Group-ThreadStarter 1-2,text,false,,479,547,2,2,209,0,0
2023/10/02 15:09:29.338,824,Get Token,200,OK,bzm - Concurrency Thread Group-ThreadStarter 1-2,text,true,,471,335,2,2,824,0,623
2023/10/02 15:09:28.825,1538,Get Identifications,200,OK,bzm - Concurrency Thread Group-ThreadStarter 1-1,text,true,,2033,525,2,2,1538,0,606
2023/10/02 15:09:30.363,417,Get Qualifications,200,OK,bzm - Concurrency Thread Group-ThreadStarter 1-1,text,true,,1027,524,2,2,417,0,0
2023/10/02 15:09:30.780,208,Get Financial-Relations,400,Bad Request,bzm - Concurrency Thread Group-ThreadStarter 1-1,text,false,,479,547,2,2,208,0,0
2023/10/02 15:09:30.162,980,Get Identifications,200,OK,bzm - Concurrency Thread Group-ThreadStarter 1-2,text,true,,2033,525,2,2,980,0,607
2023/10/02 15:09:31.142,584,Get Qualifications,200,OK,bzm - Concurrency Thread Group-ThreadStarter 1-2,text,true,,1027,524,2,2,584,0,0
2023/10/02 15:09:30.988,817,Get Token,200,OK,bzm - Concurrency Thread Group-ThreadStarter 1-1,text,true,,471,335,2,2,817,0,616
2023/10/02 15:09:31.727,201,Get Financial-Relations,400,Bad Request,bzm - Concurrency Thread Group-ThreadStarter 1-2,text,false,,479,547,2,2,201,0,0
2023/10/02 15:09:31.805,906,Get Identifications,200,OK,bzm - Concurrency Thread Group-ThreadStarter 1-1,text,true,,2033,525,2,2,906,0,631
2023/10/02 15:09:31.929,820,Get Token,200,OK,bzm - Concurrency Thread Group-ThreadStarter 1-2,text,true,,471,335,2,2,820,0,612
2023/10/02 15:09:32.712,417,Get Qualifications,200,OK,bzm - Concurrency Thread Group-ThreadStarter 1-1,text,true,,1027,524,2,2,417,0,0
2023/10/02 15:09:33.129,199,Get Financial-Relations,400,Bad Request,bzm - Concurrency Thread Group-ThreadStarter 1-1,text,false,,479,547,2,2,199,0,0
2023/10/02 15:09:32.749,852,Get Identifications,200,OK,bzm - Concurrency Thread Group-ThreadStarter 1-2,text,true,,2033,525,2,2,852,0,596
2023/10/02 15:09:33.601,422,Get Qualifications,200,OK,bzm - Concurrency Thread Group-ThreadStarter 1-2,text,true,,1027,524,2,2,422,0,0
2023/10/02 15:09:33.329,833,Get Token,200,OK,bzm - Concurrency Thread Group-ThreadStarter 1-1,text,true,,471,335,2,2,833,0,615
2023/10/02 15:09:34.023,213,Get Financial-Relations,400,Bad Request,bzm - Concurrency Thread Group-ThreadStarter 1-2,text,false,,479,547,2,2,213,0,0
2023/10/02 15:09:34.162,862,Get Identifications,200,OK,bzm - Concurrency Thread Group-ThreadStarter 1-1,text,true,,2033,525,2,2,862,0,617
2023/10/02 15:09:34.237,828,Get Token,200,OK,bzm - Concurrency Thread Group-ThreadStarter 1-2,text,true,,471,335,2,2,828,0,599
2023/10/02 15:09:35.024,440,Get Qualifications,200,OK,bzm - Concurrency Thread Group-ThreadStarter 1-1,text,true,,1027,524,2,2,440,0,0
2023/10/02 15:09:35.464,199,Get Financial-Relations,400,Bad Request,bzm - Concurrency Thread Group-ThreadStarter 1-1,text,false,,479,547,2,2,199,0,0
2023/10/02 15:09:35.065,855,Get Identifications,200,OK,bzm - Concurrency Thread Group-ThreadStarter 1-2,text,true,,2033,525,2,2,855,0,595
2023/10/02 15:09:35.920,425,Get Qualifications,200,OK,bzm - Concurrency Thread Group-ThreadStarter 1-2,text,true,,1027,524,2,2,425,0,0
2023/10/02 15:09:35.664,822,Get Token,200,OK,bzm - Concurrency Thread Group-ThreadStarter 1-1,text,true,,471,335,2,2,822,0,615
2023/10/02 15:09:36.345,210,Get Financial-Relations,400,Bad Request,bzm - Concurrency Thread Group-ThreadStarter 1-2,text,false,,479,547,2,2,210,0,0
2023/10/02 15:09:36.486,840,Get Identifications,200,OK,bzm - Concurrency Thread Group-ThreadStarter 1-1,text,true,,2033,525,2,2,840,0,602
2023/10/02 15:09:36.556,808,Get Token,200,OK,bzm - Concurrency Thread Group-ThreadStarter 1-2,text,true,,471,335,2,2,808,0,608
2023/10/02 15:09:37.326,417,Get Qualifications,200,OK,bzm - Concurrency Thread Group-ThreadStarter 1-1,text,true,,1027,524,2,2,417,0,0
2023/10/02 15:09:37.743,219,Get Financial-Relations,400,Bad Request,bzm - Concurrency Thread Group-ThreadStarter 1-1,text,false,,479,547,2,2,219,0,0
2023/10/02 15:09:37.364,859,Get Identifications,200,OK,bzm - Concurrency Thread Group-ThreadStarter 1-2,text,true,,2033,525,2,2,859,0,610
2023/10/02 15:09:38.224,425,Get Qualifications,200,OK,bzm - Concurrency Thread Group-ThreadStarter 1-2,text,true,,1027,524,2,2,425,0,0
2023/10/02 15:09:37.963,852,Get Token,200,OK,bzm - Concurrency Thread Group-ThreadStarter 1-1,text,true,,471,335,2,2,852,0,642
2023/10/02 15:09:38.649,210,Get Financial-Relations,400,Bad Request,bzm - Concurrency Thread Group-ThreadStarter 1-2,text,false,,479,547,2,2,210,0,0
2023/10/02 15:09:38.815,842,Get Identifications,200,OK,bzm - Concurrency Thread Group-ThreadStarter 1-1,text,true,,2033,525,2,2,842,0,602
2023/10/02 15:09:38.860,811,Get Token,200,OK,bzm - Concurrency Thread Group-ThreadStarter 1-2,text,true,,471,335,2,2,811,0,611
2023/10/02 15:09:39.658,426,Get Qualifications,200,OK,bzm - Concurrency Thread Group-ThreadStarter 1-1,text,true,,1027,524,2,2,426,0,0
2023/10/02 15:09:40.084,222,Get Financial-Relations,400,Bad Request,bzm - Concurrency Thread Group-ThreadStarter 1-1,text,false,,479,547,2,2,222,0,0
2023/10/02 15:09:39.672,881,Get Identifications,200,OK,bzm - Concurrency Thread Group-ThreadStarter 1-2,text,true,,2033,525,2,2,881,0,634
2023/10/02 15:09:40.554,409,Get Qualifications,200,OK,bzm - Concurrency Thread Group-ThreadStarter 1-2,text,true,,1027,524,2,2,409,0,0
2023/10/02 15:09:40.306,817,Get Token,200,OK,bzm - Concurrency Thread Group-ThreadStarter 1-1,text,true,,471,335,2,2,817,0,619
2023/10/02 15:09:40.964,201,Get Financial-Relations,400,Bad Request,bzm - Concurrency Thread Group-ThreadStarter 1-2,text,false,,479,547,2,2,201,0,0
2023/10/02 15:09:41.123,832,Get Identifications,200,OK,bzm - Concurrency Thread Group-ThreadStarter 1-1,text,true,,2033,525,2,2,832,0,590
2023/10/02 15:09:41.166,804,Get Token,200,OK,bzm - Concurrency Thread Group-ThreadStarter 1-2,text,true,,471,335,2,2,804,0,604
2023/10/02 15:09:41.955,407,Get Qualifications,200,OK,bzm - Concurrency Thread Group-ThreadStarter 1-1,text,true,,1027,524,2,2,407,0,0
2023/10/02 15:09:42.363,197,Get Financial-Relations,400,Bad Request,bzm - Concurrency Thread Group-ThreadStarter 1-1,text,false,,479,547,2,2,197,0,0
2023/10/02 15:09:41.970,1060,Get Identifications,200,OK,bzm - Concurrency Thread Group-ThreadStarter 1-2,text,true,,2033,525,2,2,1060,0,590
2023/10/02 15:09:42.560,858,Get Token,200,OK,bzm - Concurrency Thread Group-ThreadStarter 1-1,text,true,,471,335,2,2,858,0,638
2023/10/02 15:09:43.030,410,Get Qualifications,200,OK,bzm - Concurrency Thread Group-ThreadStarter 1-2,text,true,,1027,524,2,2,410,0,0
2023/10/02 15:09:43.440,199,Get Financial-Relations,400,Bad Request,bzm - Concurrency Thread Group-ThreadStarter 1-2,text,false,,479,547,2,2,199,0,0
2023/10/02 15:09:43.418,854,Get Identifications,200,OK,bzm - Concurrency Thread Group-ThreadStarter 1-1,text,true,,2033,525,2,2,854,0,615
2023/10/02 15:09:43.639,789,Get Token,200,OK,bzm - Concurrency Thread Group-ThreadStarter 1-2,text,true,,471,335,2,2,789,0,592
2023/10/02 15:09:44.273,407,Get Qualifications,200,OK,bzm - Concurrency Thread Group-ThreadStarter 1-1,text,true,,1027,524,2,2,407,0,0
2023/10/02 15:09:44.680,199,Get Financial-Relations,400,Bad Request,bzm - Concurrency Thread Group-ThreadStarter 1-1,text,false,,479,547,2,2,199,0,0
2023/10/02 15:09:44.428,846,Get Identifications,200,OK,bzm - Concurrency Thread Group-ThreadStarter 1-2,text,true,,2033,525,2,2,846,0,607
2023/10/02 15:09:44.880,794,Get Token,200,OK,bzm - Concurrency Thread Group-ThreadStarter 1-1,text,true,,471,335,2,2,794,0,598
2023/10/02 15:09:45.274,403,Get Qualifications,200,OK,bzm - Concurrency Thread Group-ThreadStarter 1-2,text,true,,1027,524,2,2,403,0,0
2023/10/02 15:09:45.677,202,Get Financial-Relations,400,Bad Request,bzm - Concurrency Thread Group-ThreadStarter 1-2,text,false,,479,547,2,2,202,0,0
2023/10/02 15:09:45.674,864,Get Identifications,200,OK,bzm - Concurrency Thread Group-ThreadStarter 1-1,text,true,,2033,525,2,2,864,0,593
2023/10/02 15:09:45.879,795,Get Token,200,OK,bzm - Concurrency Thread Group-ThreadStarter 1-2,text,true,,471,335,2,2,795,0,600
2023/10/02 15:09:46.538,414,Get Qualifications,200,OK,bzm - Concurrency Thread Group-ThreadStarter 1-1,text,true,,1027,524,2,2,414,0,0
2023/10/02 15:09:46.952,198,Get Financial-Relations,400,Bad Request,bzm - Concurrency Thread Group-ThreadStarter 1-1,text,false,,479,547,2,2,198,0,0
2023/10/02 15:09:46.674,849,Get Identifications,200,OK,bzm - Concurrency Thread Group-ThreadStarter 1-2,text,true,,2033,525,2,2,849,0,603
2023/10/02 15:09:47.523,406,Get Qualifications,200,OK,bzm - Concurrency Thread Group-ThreadStarter 1-2,text,true,,1027,524,2,2,406,0,0
2023/10/02 15:09:47.151,821,Get Token,200,OK,bzm - Concurrency Thread Group-ThreadStarter 1-1,text,true,,471,335,2,2,821,0,607
2023/10/02 15:09:47.930,199,Get Financial-Relations,400,Bad Request,bzm - Concurrency Thread Group-ThreadStarter 1-2,text,false,,479,547,2,2,199,0,0
2023/10/02 15:09:47.972,927,Get Identifications,200,OK,bzm - Concurrency Thread Group-ThreadStarter 1-1,text,true,,2033,525,4,4,927,0,668
2023/10/02 15:09:48.130,788,Get Token,200,OK,bzm - Concurrency Thread Group-ThreadStarter 1-2,text,true,,471,335,4,4,788,0,592
2023/10/02 15:09:48.899,405,Get Qualifications,200,OK,bzm - Concurrency Thread Group-ThreadStarter 1-1,text,true,,1027,524,4,4,405,0,0
2023/10/02 15:09:48.697,802,Get Token,200,OK,bzm - Concurrency Thread Group-ThreadStarter 1-3,text,true,,471,335,4,4,802,0,607
2023/10/02 15:09:48.699,800,Get Token,200,OK,bzm - Concurrency Thread Group-ThreadStarter 1-4,text,true,,471,335,4,4,800,0,605
2023/10/02 15:09:49.304,199,Get Financial-Relations,400,Bad Request,bzm - Concurrency Thread Group-ThreadStarter 1-1,text,false,,479,547,4,4,199,0,0
2023/10/02 15:09:48.918,832,Get Identifications,200,OK,bzm - Concurrency Thread Group-ThreadStarter 1-2,text,true,,2033,525,4,4,832,0,590
2023/10/02 15:09:49.751,421,Get Qualifications,200,OK,bzm - Concurrency Thread Group-ThreadStarter 1-2,text,true,,1027,524,4,4,421,0,0
2023/10/02 15:09:49.504,793,Get Token,200,OK,bzm - Concurrency Thread Group-ThreadStarter 1-1,text,true,,471,335,4,4,793,0,596
2023/10/02 15:09:49.500,845,Get Identifications,200,OK,bzm - Concurrency Thread Group-ThreadStarter 1-4,text,true,,2033,525,4,4,845,0,595
2023/10/02 15:09:49.500,854,Get Identifications,200,OK,bzm - Concurrency Thread Group-ThreadStarter 1-3,text,true,,2033,525,4,4,854,0,600
2023/10/02 15:09:50.172,200,Get Financial-Relations,400,Bad Request,bzm - Concurrency Thread Group-ThreadStarter 1-2,text,false,,479,547,4,4,200,0,0
2023/10/02 15:09:50.346,408,Get Qualifications,200,OK,bzm - Concurrency Thread Group-ThreadStarter 1-4,text,true,,1027,524,4,4,408,0,0
2023/10/02 15:09:50.355,588,Get Qualifications,200,OK,bzm - Concurrency Thread Group-ThreadStarter 1-3,text,true,,1027,524,4,4,588,0,0
2023/10/02 15:09:50.754,203,Get Financial-Relations,400,Bad Request,bzm - Concurrency Thread Group-ThreadStarter 1-4,text,false,,479,547,4,4,203,0,0
2023/10/02 15:09:50.943,201,Get Financial-Relations,400,Bad Request,bzm - Concurrency Thread Group-ThreadStarter 1-3,text,false,,479,547,4,4,201,0,0
2023/10/02 15:09:50.373,807,Get Token,200,OK,bzm - Concurrency Thread Group-ThreadStarter 1-2,text,true,,471,335,4,4,807,0,610
2023/10/02 15:09:50.958,802,Get Token,200,OK,bzm - Concurrency Thread Group-ThreadStarter 1-4,text,true,,471,335,4,4,802,0,601
2023/10/02 15:09:51.145,794,Get Token,200,OK,bzm - Concurrency Thread Group-ThreadStarter 1-3,text,true,,471,335,4,4,794,0,596
2023/10/02 15:09:50.297,1686,Get Identifications,200,OK,bzm - Concurrency Thread Group-ThreadStarter 1-1,text,true,,2033,525,4,4,1686,0,590
2023/10/02 15:09:51.180,848,Get Identifications,200,OK,bzm - Concurrency Thread Group-ThreadStarter 1-2,text,true,,2033,525,4,4,848,0,606
2023/10/02 15:09:51.983,407,Get Qualifications,200,OK,bzm - Concurrency Thread Group-ThreadStarter 1-1,text,true,,1027,524,4,4,407,0,0
2023/10/02 15:09:51.760,866,Get Identifications,200,OK,bzm - Concurrency Thread Group-ThreadStarter 1-4,text,true,,2033,525,4,4,866,0,601
2023/10/02 15:09:52.029,768,Get Qualifications,200,OK,bzm - Concurrency Thread Group-ThreadStarter 1-2,text,true,,1027,524,4,4,768,0,0
2023/10/02 15:09:51.939,865,Get Identifications,200,OK,bzm - Concurrency Thread Group-ThreadStarter 1-3,text,true,,2033,525,4,4,865,0,600
2023/10/02 15:09:52.390,621,Get Financial-Relations,400,Bad Request,bzm - Concurrency Thread Group-ThreadStarter 1-1,text,false,,479,547,4,4,621,0,407
2023/10/02 15:09:52.797,214,Get Financial-Relations,400,Bad Request,bzm - Concurrency Thread Group-ThreadStarter 1-2,text,false,,479,547,4,4,214,0,0
2023/10/02 15:09:52.626,417,Get Qualifications,200,OK,bzm - Concurrency Thread Group-ThreadStarter 1-4,text,true,,1027,524,4,4,417,0,0
2023/10/02 15:09:52.804,435,Get Qualifications,200,OK,bzm - Concurrency Thread Group-ThreadStarter 1-3,text,true,,1027,524,4,4,435,0,0
2023/10/02 15:09:53.043,198,Get Financial-Relations,400,Bad Request,bzm - Concurrency Thread Group-ThreadStarter 1-4,text,false,,479,547,4,4,198,0,0
2023/10/02 15:09:53.239,223,Get Financial-Relations,400,Bad Request,bzm - Concurrency Thread Group-ThreadStarter 1-3,text,false,,479,547,4,4,223,0,0
2023/10/02 15:09:53.011,865,Get Token,200,OK,bzm - Concurrency Thread Group-ThreadStarter 1-2,text,true,,471,335,4,4,865,0,653
2023/10/02 15:09:53.011,865,Get Token,200,OK,bzm - Concurrency Thread Group-ThreadStarter 1-1,text,true,,471,335,4,4,865,0,653
2023/10/02 15:09:53.241,836,Get Token,200,OK,bzm - Concurrency Thread Group-ThreadStarter 1-4,text,true,,471,335,4,4,836,0,635
2023/10/02 15:09:53.463,811,Get Token,200,OK,bzm - Concurrency Thread Group-ThreadStarter 1-3,text,true,,471,335,4,4,811,0,614
2023/10/02 15:09:53.877,1868,Get Identifications,200,OK,bzm - Concurrency Thread Group-ThreadStarter 1-2,text,true,,2033,525,4,4,1868,0,598
2023/10/02 15:09:53.877,2368,Get Identifications,200,OK,bzm - Concurrency Thread Group-ThreadStarter 1-1,text,true,,2033,525,4,4,2368,0,598
2023/10/02 15:09:55.745,599,Get Qualifications,200,OK,bzm - Concurrency Thread Group-ThreadStarter 1-2,text,true,,1027,524,4,4,599,0,0
2023/10/02 15:09:54.077,2636,Get Identifications,200,OK,bzm - Concurrency Thread Group-ThreadStarter 1-4,text,true,,2033,525,4,4,2636,0,604
2023/10/02 15:09:54.274,2517,Get Identifications,200,OK,bzm - Concurrency Thread Group-ThreadStarter 1-3,text,true,,2033,525,4,4,2517,0,609
2023/10/02 15:09:56.344,804,Get Financial-Relations,400,Bad Request,bzm - Concurrency Thread Group-ThreadStarter 1-2,text,false,,479,547,4,4,804,0,606
2023/10/02 15:09:56.245,1058,Get Qualifications,200,OK,bzm - Concurrency Thread Group-ThreadStarter 1-1,text,true,,1027,524,4,4,1058,0,647
2023/10/02 15:09:57.303,228,Get Financial-Relations,400,Bad Request,bzm - Concurrency Thread Group-ThreadStarter 1-1,text,false,,479,547,4,4,228,0,0
2023/10/02 15:09:56.713,1027,Get Qualifications,200,OK,bzm - Concurrency Thread Group-ThreadStarter 1-4,text,true,,1027,524,4,4,1027,0,621
2023/10/02 15:09:56.791,1026,Get Qualifications,200,OK,bzm - Concurrency Thread Group-ThreadStarter 1-3,text,true,,1027,524,4,4,1026,0,595
2023/10/02 15:09:57.149,788,Get Token,200,OK,bzm - Concurrency Thread Group-ThreadStarter 1-2,text,true,,471,335,4,4,788,0,592
2023/10/02 15:09:57.740,198,Get Financial-Relations,400,Bad Request,bzm - Concurrency Thread Group-ThreadStarter 1-4,text,false,,479,547,4,4,198,0,0
2023/10/02 15:09:57.817,221,Get Financial-Relations,400,Bad Request,bzm - Concurrency Thread Group-ThreadStarter 1-3,text,false,,479,547,4,4,221,0,0
2023/10/02 15:09:57.531,793,Get Token,200,OK,bzm - Concurrency Thread Group-ThreadStarter 1-1,text,true,,471,335,4,4,793,0,590
2023/10/02 15:09:57.938,808,Get Token,200,OK,bzm - Concurrency Thread Group-ThreadStarter 1-4,text,true,,471,335,4,4,808,0,611
2023/10/02 15:09:58.038,895,Get Token,200,OK,bzm - Concurrency Thread Group-ThreadStarter 1-3,text,true,,471,335,4,4,895,0,692
2023/10/02 15:09:57.937,1175,Get Identifications,200,OK,bzm - Concurrency Thread Group-ThreadStarter 1-2,text,true,,2033,525,4,4,1175,0,607
2023/10/02 15:09:58.324,851,Get Identifications,200,OK,bzm - Concurrency Thread Group-ThreadStarter 1-1,text,true,,2033,525,4,4,851,0,612
2023/10/02 15:09:59.112,427,Get Qualifications,200,OK,bzm - Concurrency Thread Group-ThreadStarter 1-2,text,true,,1027,524,4,4,427,0,0
2023/10/02 15:09:59.175,421,Get Qualifications,200,OK,bzm - Concurrency Thread Group-ThreadStarter 1-1,text,true,,1027,524,4,4,421,0,0
2023/10/02 15:09:59.539,201,Get Financial-Relations,400,Bad Request,bzm - Concurrency Thread Group-ThreadStarter 1-2,text,false,,479,547,4,4,201,0,0
2023/10/02 15:09:59.596,197,Get Financial-Relations,400,Bad Request,bzm - Concurrency Thread Group-ThreadStarter 1-1,text,false,,479,547,4,4,197,0,0
2023/10/02 15:09:58.746,1381,Get Identifications,200,OK,bzm - Concurrency Thread Group-ThreadStarter 1-4,text,true,,2033,525,4,4,1381,0,594
2023/10/02 15:09:58.933,1233,Get Identifications,200,OK,bzm - Concurrency Thread Group-ThreadStarter 1-3,text,true,,2033,525,4,4,1233,0,598
2023/10/02 15:10:00.127,412,Get Qualifications,200,OK,bzm - Concurrency Thread Group-ThreadStarter 1-4,text,true,,1027,524,4,4,412,0,0
2023/10/02 15:09:59.740,843,Get Token,200,OK,bzm - Concurrency Thread Group-ThreadStarter 1-2,text,true,,471,335,4,4,843,0,645
2023/10/02 15:09:59.793,818,Get Token,200,OK,bzm - Concurrency Thread Group-ThreadStarter 1-1,text,true,,471,335,4,4,818,0,602
2023/10/02 15:10:00.166,489,Get Qualifications,200,OK,bzm - Concurrency Thread Group-ThreadStarter 1-3,text,true,,1027,524,4,4,489,0,0
2023/10/02 15:10:00.539,200,Get Financial-Relations,400,Bad Request,bzm - Concurrency Thread Group-ThreadStarter 1-4,text,false,,479,547,4,4,200,0,0
2023/10/02 15:10:00.656,204,Get Financial-Relations,400,Bad Request,bzm - Concurrency Thread Group-ThreadStarter 1-3,text,false,,479,547,4,4,204,0,0
2023/10/02 15:10:00.583,887,Get Identifications,200,OK,bzm - Concurrency Thread Group-ThreadStarter 1-2,text,true,,2033,525,4,4,887,0,619
2023/10/02 15:10:00.611,873,Get Identifications,200,OK,bzm - Concurrency Thread Group-ThreadStarter 1-1,text,true,,2033,525,4,4,873,0,624
2023/10/02 15:10:00.741,819,Get Token,200,OK,bzm - Concurrency Thread Group-ThreadStarter 1-4,text,true,,471,335,4,4,819,0,610
2023/10/02 15:10:00.861,831,Get Token,200,OK,bzm - Concurrency Thread Group-ThreadStarter 1-3,text,true,,471,335,4,4,831,0,614
2023/10/02 15:10:01.484,428,Get Qualifications,200,OK,bzm - Concurrency Thread Group-ThreadStarter 1-1,text,true,,1027,524,4,4,428,0,0
2023/10/02 15:10:01.470,472,Get Qualifications,200,OK,bzm - Concurrency Thread Group-ThreadStarter 1-2,text,true,,1027,524,4,4,472,0,0
2023/10/02 15:10:01.912,221,Get Financial-Relations,400,Bad Request,bzm - Concurrency Thread Group-ThreadStarter 1-1,text,false,,479,547,4,4,221,0,0
2023/10/02 15:10:01.942,217,Get Financial-Relations,400,Bad Request,bzm - Concurrency Thread Group-ThreadStarter 1-2,text,false,,479,547,4,4,216,0,0
2023/10/02 15:10:01.560,921,Get Identifications,200,OK,bzm - Concurrency Thread Group-ThreadStarter 1-4,text,true,,2033,525,4,4,921,0,638
2023/10/02 15:10:01.692,924,Get Identifications,200,OK,bzm - Concurrency Thread Group-ThreadStarter 1-3,text,true,,2033,525,4,4,924,0,669
2023/10/02 15:10:02.481,418,Get Qualifications,200,OK,bzm - Concurrency Thread Group-ThreadStarter 1-4,text,true,,1027,524,4,4,418,0,0
2023/10/02 15:10:02.134,856,Get Token,200,OK,bzm - Concurrency Thread Group-ThreadStarter 1-1,text,true,,471,335,4,4,856,0,648
2023/10/02 15:10:02.159,899,Get Token,200,OK,bzm - Concurrency Thread Group-ThreadStarter 1-2,text,true,,471,335,4,4,899,0,679
2023/10/02 15:10:02.616,442,Get Qualifications,200,OK,bzm - Concurrency Thread Group-ThreadStarter 1-3,text,true,,1027,524,4,4,442,0,0
2023/10/02 15:10:02.900,237,Get Financial-Relations,400,Bad Request,bzm - Concurrency Thread Group-ThreadStarter 1-4,text,false,,479,547,4,4,237,0,0
2023/10/02 15:10:03.059,233,Get Financial-Relations,400,Bad Request,bzm - Concurrency Thread Group-ThreadStarter 1-3,text,false,,479,547,4,4,233,0,0
2023/10/02 15:10:02.990,1024,Get Identifications,200,OK,bzm - Concurrency Thread Group-ThreadStarter 1-1,text,true,,2033,525,4,4,1024,0,769
2023/10/02 15:10:03.139,876,Get Token,200,OK,bzm - Concurrency Thread Group-ThreadStarter 1-4,text,true,,471,335,4,4,876,0,654
2023/10/02 15:10:03.059,1016,Get Identifications,200,OK,bzm - Concurrency Thread Group-ThreadStarter 1-2,text,true,,2033,525,4,4,1016,0,702
2023/10/02 15:10:03.292,898,Get Token,200,OK,bzm - Concurrency Thread Group-ThreadStarter 1-3,text,true,,471,335,4,4,898,0,684
2023/10/02 15:10:04.015,425,Get Qualifications,200,OK,bzm - Concurrency Thread Group-ThreadStarter 1-1,text,true,,1027,524,4,4,425,0,0
2023/10/02 15:10:04.075,437,Get Qualifications,200,OK,bzm - Concurrency Thread Group-ThreadStarter 1-2,text,true,,1027,524,4,4,437,0,0
2023/10/02 15:10:04.440,229,Get Financial-Relations,400,Bad Request,bzm - Concurrency Thread Group-ThreadStarter 1-1,text,false,,479,547,4,4,229,0,0
2023/10/02 15:10:04.512,213,Get Financial-Relations,400,Bad Request,bzm - Concurrency Thread Group-ThreadStarter 1-2,text,false,,479,547,4,4,213,0,0
2023/10/02 15:10:04.015,914,Get Identifications,200,OK,bzm - Concurrency Thread Group-ThreadStarter 1-4,text,true,,2033,525,4,4,914,0,677
2023/10/02 15:10:04.190,957,Get Identifications,200,OK,bzm - Concurrency Thread Group-ThreadStarter 1-3,text,true,,2033,525,4,4,957,0,674
2023/10/02 15:10:04.929,425,Get Qualifications,200,OK,bzm - Concurrency Thread Group-ThreadStarter 1-4,text,true,,1027,524,4,4,425,0,0
2023/10/02 15:10:04.670,821,Get Token,200,OK,bzm - Concurrency Thread Group-ThreadStarter 1-1,text,true,,471,335,4,4,821,0,624
2023/10/02 15:10:05.147,405,Get Qualifications,200,OK,bzm - Concurrency Thread Group-ThreadStarter 1-3,text,true,,1027,524,4,4,405,0,0
2023/10/02 15:10:05.354,200,Get Financial-Relations,400,Bad Request,bzm - Concurrency Thread Group-ThreadStarter 1-4,text,false,,479,547,4,4,200,0,0
2023/10/02 15:10:04.726,900,Get Token,200,OK,bzm - Concurrency Thread Group-ThreadStarter 1-2,text,true,,471,335,4,4,900,0,679
2023/10/02 15:10:05.552,197,Get Financial-Relations,400,Bad Request,bzm - Concurrency Thread Group-ThreadStarter 1-3,text,false,,479,547,4,4,197,0,0
2023/10/02 15:10:05.491,843,Get Identifications,200,OK,bzm - Concurrency Thread Group-ThreadStarter 1-1,text,true,,2033,525,4,4,843,0,605
2023/10/02 15:10:05.555,795,Get Token,200,OK,bzm - Concurrency Thread Group-ThreadStarter 1-4,text,true,,471,335,4,4,795,0,598
2023/10/02 15:10:05.626,864,Get Identifications,200,OK,bzm - Concurrency Thread Group-ThreadStarter 1-2,text,true,,2033,525,4,4,864,0,605
2023/10/02 15:10:05.750,825,Get Token,200,OK,bzm - Concurrency Thread Group-ThreadStarter 1-3,text,true,,471,335,4,4,825,0,620
2023/10/02 15:10:06.334,412,Get Qualifications,200,OK,bzm - Concurrency Thread Group-ThreadStarter 1-1,text,true,,1027,524,4,4,412,0,0
2023/10/02 15:10:06.490,412,Get Qualifications,200,OK,bzm - Concurrency Thread Group-ThreadStarter 1-2,text,true,,1027,524,4,4,412,0,0
2023/10/02 15:10:06.746,205,Get Financial-Relations,400,Bad Request,bzm - Concurrency Thread Group-ThreadStarter 1-1,text,false,,479,547,4,4,205,0,0
2023/10/02 15:10:06.903,213,Get Financial-Relations,400,Bad Request,bzm - Concurrency Thread Group-ThreadStarter 1-2,text,false,,479,547,4,4,213,0,0
2023/10/02 15:10:06.350,880,Get Identifications,200,OK,bzm - Concurrency Thread Group-ThreadStarter 1-4,text,true,,2033,525,4,4,880,0,632
2023/10/02 15:10:06.575,865,Get Identifications,200,OK,bzm - Concurrency Thread Group-ThreadStarter 1-3,text,true,,2033,525,4,4,865,0,602
2023/10/02 15:10:07.230,416,Get Qualifications,200,OK,bzm - Concurrency Thread Group-ThreadStarter 1-4,text,true,,1027,524,4,4,416,0,0
2023/10/02 15:10:06.952,826,Get Token,200,OK,bzm - Concurrency Thread Group-ThreadStarter 1-1,text,true,,471,335,4,4,826,0,627
2023/10/02 15:10:07.441,416,Get Qualifications,200,OK,bzm - Concurrency Thread Group-ThreadStarter 1-3,text,true,,1027,524,4,4,416,0,0
2023/10/02 15:10:07.646,211,Get Financial-Relations,400,Bad Request,bzm - Concurrency Thread Group-ThreadStarter 1-4,text,false,,479,547,4,4,211,0,0
2023/10/02 15:10:07.117,797,Get Token,200,OK,bzm - Concurrency Thread Group-ThreadStarter 1-2,text,true,,471,335,4,4,797,0,594
2023/10/02 15:10:07.857,221,Get Financial-Relations,400,Bad Request,bzm - Concurrency Thread Group-ThreadStarter 1-3,text,false,,479,547,4,4,221,0,0
2023/10/02 15:10:07.778,894,Get Identifications,200,OK,bzm - Concurrency Thread Group-ThreadStarter 1-1,text,true,,2033,525,4,4,894,0,626
2023/10/02 15:10:07.857,884,Get Token,200,OK,bzm - Concurrency Thread Group-ThreadStarter 1-4,text,true,,471,335,4,4,884,0,649
2023/10/02 15:10:07.914,847,Get Identifications,200,OK,bzm - Concurrency Thread Group-ThreadStarter 1-2,text,true,,2033,525,4,4,847,0,608
2023/10/02 15:10:08.079,868,Get Token,200,OK,bzm - Concurrency Thread Group-ThreadStarter 1-3,text,true,,471,335,4,4,868,0,662
2023/10/02 15:10:08.672,442,Get Qualifications,200,OK,bzm - Concurrency Thread Group-ThreadStarter 1-1,text,true,,1027,524,4,4,442,0,0
2023/10/02 15:10:08.761,414,Get Qualifications,200,OK,bzm - Concurrency Thread Group-ThreadStarter 1-2,text,true,,1027,524,4,4,414,0,0
2023/10/02 15:10:09.114,215,Get Financial-Relations,400,Bad Request,bzm - Concurrency Thread Group-ThreadStarter 1-1,text,false,,479,547,4,4,215,0,0
2023/10/02 15:10:09.175,214,Get Financial-Relations,400,Bad Request,bzm - Concurrency Thread Group-ThreadStarter 1-2,text,false,,479,547,4,4,214,0,0
2023/10/02 15:10:08.741,878,Get Identifications,200,OK,bzm - Concurrency Thread Group-ThreadStarter 1-4,text,true,,2033,525,4,4,878,0,626
2023/10/02 15:10:08.947,898,Get Identifications,200,OK,bzm - Concurrency Thread Group-ThreadStarter 1-3,text,true,,2033,525,4,4,898,0,636
2023/10/02 15:10:09.619,423,Get Qualifications,200,OK,bzm - Concurrency Thread Group-ThreadStarter 1-4,text,true,,1027,524,4,4,423,0,0
2023/10/02 15:10:09.330,855,Get Token,200,OK,bzm - Concurrency Thread Group-ThreadStarter 1-1,text,true,,471,335,4,4,855,0,650
2023/10/02 15:10:10.042,212,Get Financial-Relations,400,Bad Request,bzm - Concurrency Thread Group-ThreadStarter 1-4,text,false,,479,547,4,4,212,0,0
2023/10/02 15:10:09.846,420,Get Qualifications,200,OK,bzm - Concurrency Thread Group-ThreadStarter 1-3,text,true,,1027,524,4,4,420,0,0
2023/10/02 15:10:09.390,1000,Get Token,200,OK,bzm - Concurrency Thread Group-ThreadStarter 1-2,text,true,,471,335,4,4,1000,0,756
2023/10/02 15:10:10.267,228,Get Financial-Relations,400,Bad Request,bzm - Concurrency Thread Group-ThreadStarter 1-3,text,false,,479,547,4,4,228,0,0
2023/10/02 15:10:10.254,942,Get Token,200,OK,bzm - Concurrency Thread Group-ThreadStarter 1-4,text,true,,471,335,4,4,942,0,695
2023/10/02 15:10:10.185,1036,Get Identifications,200,OK,bzm - Concurrency Thread Group-ThreadStarter 1-1,text,true,,2033,525,4,4,1036,0,742
2023/10/02 15:10:10.390,944,Get Identifications,200,OK,bzm - Concurrency Thread Group-ThreadStarter 1-2,text,true,,2033,525,4,4,944,0,664
2023/10/02 15:10:10.497,935,Get Token,200,OK,bzm - Concurrency Thread Group-ThreadStarter 1-3,text,true,,471,335,4,4,935,0,702
2023/10/02 15:10:11.221,463,Get Qualifications,200,OK,bzm - Concurrency Thread Group-ThreadStarter 1-1,text,true,,1027,524,4,4,463,0,0
2023/10/02 15:10:11.685,251,Get Financial-Relations,400,Bad Request,bzm - Concurrency Thread Group-ThreadStarter 1-1,text,false,,479,547,4,4,251,0,0
2023/10/02 15:10:11.196,1011,Get Identifications,200,OK,bzm - Concurrency Thread Group-ThreadStarter 1-4,text,true,,2033,525,4,4,1011,0,676
2023/10/02 15:10:11.335,1018,Get Qualifications,200,OK,bzm - Concurrency Thread Group-ThreadStarter 1-2,text,true,,1027,524,4,4,1018,0,0
2023/10/02 15:10:11.432,962,Get Identifications,200,OK,bzm - Concurrency Thread Group-ThreadStarter 1-3,text,true,,2033,525,4,4,962,0,671
2023/10/02 15:10:12.353,223,Get Financial-Relations,400,Bad Request,bzm - Concurrency Thread Group-ThreadStarter 1-2,text,false,,479,547,4,4,223,0,0
2023/10/02 15:10:12.207,450,Get Qualifications,200,OK,bzm - Concurrency Thread Group-ThreadStarter 1-4,text,true,,1027,524,4,4,450,0,0
2023/10/02 15:10:12.395,431,Get Qualifications,200,OK,bzm - Concurrency Thread Group-ThreadStarter 1-3,text,true,,1027,524,4,4,431,0,0
2023/10/02 15:10:11.937,889,Get Token,200,OK,bzm - Concurrency Thread Group-ThreadStarter 1-1,text,true,,471,335,4,4,889,0,681
2023/10/02 15:10:12.657,221,Get Financial-Relations,400,Bad Request,bzm - Concurrency Thread Group-ThreadStarter 1-4,text,false,,479,547,4,4,221,0,0
2023/10/02 15:10:12.826,218,Get Financial-Relations,400,Bad Request,bzm - Concurrency Thread Group-ThreadStarter 1-3,text,false,,479,547,4,4,218,0,0
2023/10/02 15:10:12.576,862,Get Token,200,OK,bzm - Concurrency Thread Group-ThreadStarter 1-2,text,true,,471,335,4,4,862,0,654
2023/10/02 15:10:12.826,902,Get Identifications,200,OK,bzm - Concurrency Thread Group-ThreadStarter 1-1,text,true,,2033,525,4,4,902,0,649
2023/10/02 15:10:12.878,883,Get Token,200,OK,bzm - Concurrency Thread Group-ThreadStarter 1-4,text,true,,471,335,4,4,883,0,654
2023/10/02 15:10:13.044,853,Get Token,200,OK,bzm - Concurrency Thread Group-ThreadStarter 1-3,text,true,,471,335,4,4,853,0,637
2023/10/02 15:10:13.728,409,Get Qualifications,200,OK,bzm - Concurrency Thread Group-ThreadStarter 1-1,text,true,,1027,524,4,4,409,0,0
2023/10/02 15:10:13.438,851,Get Identifications,200,OK,bzm - Concurrency Thread Group-ThreadStarter 1-2,text,true,,2033,525,4,4,851,0,598
2023/10/02 15:10:14.137,212,Get Financial-Relations,400,Bad Request,bzm - Concurrency Thread Group-ThreadStarter 1-1,text,false,,479,547,4,4,212,0,0
2023/10/02 15:10:13.762,832,Get Identifications,200,OK,bzm - Concurrency Thread Group-ThreadStarter 1-4,text,true,,2033,525,4,4,832,0,597
2023/10/02 15:10:14.289,405,Get Qualifications,200,OK,bzm - Concurrency Thread Group-ThreadStarter 1-2,text,true,,1027,524,4,4,405,0,0
2023/10/02 15:10:13.897,854,Get Identifications,200,OK,bzm - Concurrency Thread Group-ThreadStarter 1-3,text,true,,2033,525,4,4,854,0,613
2023/10/02 15:10:14.695,198,Get Financial-Relations,400,Bad Request,bzm - Concurrency Thread Group-ThreadStarter 1-2,text,false,,479,547,4,4,198,0,0
2023/10/02 15:10:14.350,793,Get Token,200,OK,bzm - Concurrency Thread Group-ThreadStarter 1-1,text,true,,471,335,4,4,793,0,598
2023/10/02 15:10:14.594,734,Get Qualifications,200,OK,bzm - Concurrency Thread Group-ThreadStarter 1-4,text,true,,1027,524,4,4,734,0,0
2023/10/02 15:10:14.752,677,Get Qualifications,200,OK,bzm - Concurrency Thread Group-ThreadStarter 1-3,text,true,,1027,524,4,4,677,0,0
2023/10/02 15:10:15.329,199,Get Financial-Relations,400,Bad Request,bzm - Concurrency Thread Group-ThreadStarter 1-4,text,false,,479,547,4,4,199,0,0
2023/10/02 15:10:15.428,201,Get Financial-Relations,400,Bad Request,bzm - Concurrency Thread Group-ThreadStarter 1-3,text,false,,479,547,4,4,201,0,0
2023/10/02 15:10:14.894,798,Get Token,200,OK,bzm - Concurrency Thread Group-ThreadStarter 1-2,text,true,,471,335,4,4,797,0,602
2023/10/02 15:10:15.143,865,Get Identifications,200,OK,bzm - Concurrency Thread Group-ThreadStarter 1-1,text,true,,2033,525,4,4,865,0,600
2023/10/02 15:10:15.527,793,Get Token,200,OK,bzm - Concurrency Thread Group-ThreadStarter 1-4,text,true,,471,335,4,4,793,0,597
2023/10/02 15:10:16.007,402,Get Qualifications,200,OK,bzm - Concurrency Thread Group-ThreadStarter 1-1,text,true,,1027,524,4,4,402,0,0
2023/10/02 15:10:15.630,806,Get Token,200,OK,bzm - Concurrency Thread Group-ThreadStarter 1-3,text,true,,471,335,4,4,806,0,607
2023/10/02 15:10:15.691,839,Get Identifications,200,OK,bzm - Concurrency Thread Group-ThreadStarter 1-2,text,true,,2033,525,4,4,839,0,595
2023/10/02 15:10:16.410,198,Get Financial-Relations,400,Bad Request,bzm - Concurrency Thread Group-ThreadStarter 1-1,text,false,,479,547,4,4,198,0,0
2023/10/02 15:10:16.530,408,Get Qualifications,200,OK,bzm - Concurrency Thread Group-ThreadStarter 1-2,text,true,,1027,524,4,4,408,0,0
2023/10/02 15:10:16.938,216,Get Financial-Relations,400,Bad Request,bzm - Concurrency Thread Group-ThreadStarter 1-2,text,false,,479,547,4,4,216,0,0
2023/10/02 15:10:16.320,900,Get Identifications,200,OK,bzm - Concurrency Thread Group-ThreadStarter 1-4,text,true,,2033,525,4,4,900,0,651
2023/10/02 15:10:16.436,841,Get Identifications,200,OK,bzm - Concurrency Thread Group-ThreadStarter 1-3,text,true,,2033,525,4,4,841,0,597
2023/10/02 15:10:16.608,804,Get Token,200,OK,bzm - Concurrency Thread Group-ThreadStarter 1-1,text,true,,471,335,4,4,804,0,589
2023/10/02 15:10:17.277,404,Get Qualifications,200,OK,bzm - Concurrency Thread Group-ThreadStarter 1-3,text,true,,1027,524,4,4,404,0,0
2023/10/02 15:10:17.681,203,Get Financial-Relations,400,Bad Request,bzm - Concurrency Thread Group-ThreadStarter 1-3,text,false,,479,547,4,4,203,0,0
2023/10/02 15:10:17.155,797,Get Token,200,OK,bzm - Concurrency Thread Group-ThreadStarter 1-2,text,true,,471,335,4,4,797,0,593
2023/10/02 15:10:17.413,849,Get Identifications,200,OK,bzm - Concurrency Thread Group-ThreadStarter 1-1,text,true,,2033,525,4,4,849,0,590
2023/10/02 15:10:17.220,1077,Get Qualifications,200,OK,bzm - Concurrency Thread Group-ThreadStarter 1-4,text,true,,1027,524,4,4,1077,0,0
2023/10/02 15:10:18.297,233,Get Financial-Relations,400,Bad Request,bzm - Concurrency Thread Group-ThreadStarter 1-4,text,false,,479,547,4,4,233,0,0
2023/10/02 15:10:18.263,405,Get Qualifications,200,OK,bzm - Concurrency Thread Group-ThreadStarter 1-1,text,true,,1027,524,4,4,405,0,0
2023/10/02 15:10:17.885,895,Get Token,200,OK,bzm - Concurrency Thread Group-ThreadStarter 1-3,text,true,,471,335,4,4,895,0,645
2023/10/02 15:10:17.952,885,Get Identifications,200,OK,bzm - Concurrency Thread Group-ThreadStarter 1-2,text,true,,2033,525,4,4,884,0,598
2023/10/02 15:10:18.668,205,Get Financial-Relations,400,Bad Request,bzm - Concurrency Thread Group-ThreadStarter 1-1,text,false,,479,547,4,4,205,0,0
2023/10/02 15:10:18.837,421,Get Qualifications,200,OK,bzm - Concurrency Thread Group-ThreadStarter 1-2,text,true,,1027,524,4,4,421,0,0
2023/10/02 15:10:18.530,852,Get Token,200,OK,bzm - Concurrency Thread Group-ThreadStarter 1-4,text,true,,471,335,4,4,852,0,653
2023/10/02 15:10:19.259,200,Get Financial-Relations,400,Bad Request,bzm - Concurrency Thread Group-ThreadStarter 1-2,text,false,,479,547,4,4,200,0,0
2023/10/02 15:10:18.781,836,Get Identifications,200,OK,bzm - Concurrency Thread Group-ThreadStarter 1-3,text,true,,2033,525,4,4,835,0,594
2023/10/02 15:10:18.874,806,Get Token,200,OK,bzm - Concurrency Thread Group-ThreadStarter 1-1,text,true,,471,335,4,4,806,0,610
2023/10/02 15:10:19.617,402,Get Qualifications,200,OK,bzm - Concurrency Thread Group-ThreadStarter 1-3,text,true,,1027,524,4,4,402,0,0
2023/10/02 15:10:19.382,863,Get Identifications,200,OK,bzm - Concurrency Thread Group-ThreadStarter 1-4,text,true,,2033,525,4,4,863,0,594
2023/10/02 15:10:20.020,277,Get Financial-Relations,400,Bad Request,bzm - Concurrency Thread Group-ThreadStarter 1-3,text,false,,479,547,4,4,277,0,0
2023/10/02 15:10:19.459,869,Get Token,200,OK,bzm - Concurrency Thread Group-ThreadStarter 1-2,text,true,,471,335,4,4,869,0,610
2023/10/02 15:10:20.245,452,Get Qualifications,200,OK,bzm - Concurrency Thread Group-ThreadStarter 1-4,text,true,,1027,524,4,4,452,0,0
2023/10/02 15:10:19.680,1217,Get Identifications,200,OK,bzm - Concurrency Thread Group-ThreadStarter 1-1,text,true,,2033,525,4,4,1217,0,671
2023/10/02 15:10:20.698,209,Get Financial-Relations,400,Bad Request,bzm - Concurrency Thread Group-ThreadStarter 1-4,text,false,,479,547,4,4,209,0,0
2023/10/02 15:10:20.297,929,Get Token,200,OK,bzm - Concurrency Thread Group-ThreadStarter 1-3,text,true,,471,335,4,4,929,0,728
2023/10/02 15:10:20.328,937,Get Identifications,200,OK,bzm - Concurrency Thread Group-ThreadStarter 1-2,text,true,,2033,525,4,4,937,0,687
2023/10/02 15:10:20.899,438,Get Qualifications,200,OK,bzm - Concurrency Thread Group-ThreadStarter 1-1,text,true,,1027,524,4,4,438,0,0
2023/10/02 15:10:21.338,199,Get Financial-Relations,400,Bad Request,bzm - Concurrency Thread Group-ThreadStarter 1-1,text,false,,479,547,4,4,199,0,0
2023/10/02 15:10:21.266,406,Get Qualifications,200,OK,bzm - Concurrency Thread Group-ThreadStarter 1-2,text,true,,1027,524,4,4,406,0,0
2023/10/02 15:10:20.908,833,Get Token,200,OK,bzm - Concurrency Thread Group-ThreadStarter 1-4,text,true,,471,335,4,4,833,0,636
2023/10/02 15:10:21.672,208,Get Financial-Relations,400,Bad Request,bzm - Concurrency Thread Group-ThreadStarter 1-2,text,false,,479,547,4,4,208,0,0
2023/10/02 15:10:21.227,839,Get Identifications,200,OK,bzm - Concurrency Thread Group-ThreadStarter 1-3,text,true,,2033,525,4,4,839,0,587
2023/10/02 15:10:21.537,788,Get Token,200,OK,bzm - Concurrency Thread Group-ThreadStarter 1-1,text,true,,471,335,4,4,788,0,590
2023/10/02 15:10:22.067,420,Get Qualifications,200,OK,bzm - Concurrency Thread Group-ThreadStarter 1-3,text,true,,1027,524,4,4,420,0,0
2023/10/02 15:10:21.881,815,Get Token,200,OK,bzm - Concurrency Thread Group-ThreadStarter 1-2,text,true,,471,335,4,4,815,0,596
2023/10/02 15:10:22.487,209,Get Financial-Relations,400,Bad Request,bzm - Concurrency Thread Group-ThreadStarter 1-3,text,false,,479,547,4,4,209,0,0
2023/10/02 15:10:21.741,955,Get Identifications,200,OK,bzm - Concurrency Thread Group-ThreadStarter 1-4,text,true,,2033,525,4,4,955,0,694
2023/10/02 15:10:22.696,443,Get Qualifications,200,OK,bzm - Concurrency Thread Group-ThreadStarter 1-4,text,true,,1027,524,4,4,443,0,0
2023/10/02 15:10:22.326,869,Get Identifications,200,OK,bzm - Concurrency Thread Group-ThreadStarter 1-1,text,true,,2033,525,4,4,869,0,622
2023/10/02 15:10:23.139,217,Get Financial-Relations,400,Bad Request,bzm - Concurrency Thread Group-ThreadStarter 1-4,text,false,,479,547,4,4,217,0,0
2023/10/02 15:10:22.697,862,Get Token,200,OK,bzm - Concurrency Thread Group-ThreadStarter 1-3,text,true,,471,335,4,4,862,0,659
2023/10/02 15:10:22.696,905,Get Identifications,200,OK,bzm - Concurrency Thread Group-ThreadStarter 1-2,text,true,,2033,525,4,4,905,0,660
2023/10/02 15:10:23.195,407,Get Qualifications,200,OK,bzm - Concurrency Thread Group-ThreadStarter 1-1,text,true,,1027,524,4,4,407,0,0
2023/10/02 15:10:23.602,203,Get Financial-Relations,400,Bad Request,bzm - Concurrency Thread Group-ThreadStarter 1-1,text,false,,479,547,4,4,203,0,0
2023/10/02 15:10:23.601,407,Get Qualifications,200,OK,bzm - Concurrency Thread Group-ThreadStarter 1-2,text,true,,1027,524,4,4,407,0,0
2023/10/02 15:10:23.357,847,Get Token,200,OK,bzm - Concurrency Thread Group-ThreadStarter 1-4,text,true,,471,335,4,4,847,0,647
2023/10/02 15:10:24.008,201,Get Financial-Relations,400,Bad Request,bzm - Concurrency Thread Group-ThreadStarter 1-2,text,false,,479,547,4,4,201,0,0
2023/10/02 15:10:23.559,905,Get Identifications,200,OK,bzm - Concurrency Thread Group-ThreadStarter 1-3,text,true,,2033,525,4,4,905,0,648
2023/10/02 15:10:23.805,803,Get Token,200,OK,bzm - Concurrency Thread Group-ThreadStarter 1-1,text,true,,471,335,4,4,803,0,606
2023/10/02 15:10:24.464,412,Get Qualifications,200,OK,bzm - Concurrency Thread Group-ThreadStarter 1-3,text,true,,1027,524,4,4,412,0,0
2023/10/02 15:10:24.210,806,Get Token,200,OK,bzm - Concurrency Thread Group-ThreadStarter 1-2,text,true,,471,335,4,4,806,0,600
2023/10/02 15:10:24.204,836,Get Identifications,200,OK,bzm - Concurrency Thread Group-ThreadStarter 1-4,text,true,,2033,525,4,4,836,0,596
2023/10/02 15:10:24.877,200,Get Financial-Relations,400,Bad Request,bzm - Concurrency Thread Group-ThreadStarter 1-3,text,false,,479,547,4,4,200,0,0
2023/10/02 15:10:24.608,878,Get Identifications,200,OK,bzm - Concurrency Thread Group-ThreadStarter 1-1,text,true,,2033,525,4,4,878,0,615
2023/10/02 15:10:25.040,446,Get Qualifications,200,OK,bzm - Concurrency Thread Group-ThreadStarter 1-4,text,true,,1027,524,4,4,446,0,0
2023/10/02 15:10:25.486,222,Get Financial-Relations,400,Bad Request,bzm - Concurrency Thread Group-ThreadStarter 1-4,text,false,,479,547,4,4,222,0,0
2023/10/02 15:10:25.017,872,Get Identifications,200,OK,bzm - Concurrency Thread Group-ThreadStarter 1-2,text,true,,2033,525,4,4,872,0,601
2023/10/02 15:10:25.486,430,Get Qualifications,200,OK,bzm - Concurrency Thread Group-ThreadStarter 1-1,text,true,,1027,524,4,4,430,0,0
2023/10/02 15:10:25.078,838,Get Token,200,OK,bzm - Concurrency Thread Group-ThreadStarter 1-3,text,true,,471,335,4,4,838,0,630
2023/10/02 15:10:25.917,198,Get Financial-Relations,400,Bad Request,bzm - Concurrency Thread Group-ThreadStarter 1-1,text,false,,479,547,4,4,198,0,0
2023/10/02 15:10:25.889,414,Get Qualifications,200,OK,bzm - Concurrency Thread Group-ThreadStarter 1-2,text,true,,1027,524,4,4,414,0,0
2023/10/02 15:10:26.303,200,Get Financial-Relations,400,Bad Request,bzm - Concurrency Thread Group-ThreadStarter 1-2,text,false,,479,547,4,4,200,0,0
2023/10/02 15:10:25.709,803,Get Token,200,OK,bzm - Concurrency Thread Group-ThreadStarter 1-4,text,true,,471,335,4,4,803,0,604
2023/10/02 15:10:25.917,878,Get Identifications,200,OK,bzm - Concurrency Thread Group-ThreadStarter 1-3,text,true,,2033,525,4,4,878,0,594
2023/10/02 15:10:26.115,798,Get Token,200,OK,bzm - Concurrency Thread Group-ThreadStarter 1-1,text,true,,471,335,4,4,798,0,595
2023/10/02 15:10:26.795,406,Get Qualifications,200,OK,bzm - Concurrency Thread Group-ThreadStarter 1-3,text,true,,1027,524,4,4,406,0,0
2023/10/02 15:10:26.503,797,Get Token,200,OK,bzm - Concurrency Thread Group-ThreadStarter 1-2,text,true,,471,335,4,4,797,0,598
2023/10/02 15:10:27.202,200,Get Financial-Relations,400,Bad Request,bzm - Concurrency Thread Group-ThreadStarter 1-3,text,false,,479,547,4,4,200,0,0
2023/10/02 15:10:26.512,931,Get Identifications,200,OK,bzm - Concurrency Thread Group-ThreadStarter 1-4,text,true,,2033,525,4,4,931,0,682
2023/10/02 15:10:26.913,914,Get Identifications,200,OK,bzm - Concurrency Thread Group-ThreadStarter 1-1,text,true,,2033,525,4,4,914,0,604
2023/10/02 15:10:27.443,414,Get Qualifications,200,OK,bzm - Concurrency Thread Group-ThreadStarter 1-4,text,true,,1027,524,4,4,414,0,0
2023/10/02 15:10:27.858,199,Get Financial-Relations,400,Bad Request,bzm - Concurrency Thread Group-ThreadStarter 1-4,text,false,,479,547,4,4,199,0,0
2023/10/02 15:10:27.301,872,Get Identifications,200,OK,bzm - Concurrency Thread Group-ThreadStarter 1-2,text,true,,2033,525,4,4,872,0,617
2023/10/02 15:10:27.402,794,Get Token,200,OK,bzm - Concurrency Thread Group-ThreadStarter 1-3,text,true,,471,335,4,4,794,0,596
2023/10/02 15:10:27.827,411,Get Qualifications,200,OK,bzm - Concurrency Thread Group-ThreadStarter 1-1,text,true,,1027,524,4,4,411,0,0
2023/10/02 15:10:28.239,198,Get Financial-Relations,400,Bad Request,bzm - Concurrency Thread Group-ThreadStarter 1-1,text,false,,479,547,4,4,198,0,0
2023/10/02 15:10:28.173,404,Get Qualifications,200,OK,bzm - Concurrency Thread Group-ThreadStarter 1-2,text,true,,1027,524,4,4,404,0,0
2023/10/02 15:10:28.578,243,Get Financial-Relations,400,Bad Request,bzm - Concurrency Thread Group-ThreadStarter 1-2,text,false,,479,547,4,4,243,0,0
2023/10/02 15:10:28.057,788,Get Token,200,OK,bzm - Concurrency Thread Group-ThreadStarter 1-4,text,true,,471,335,4,4,788,0,591
2023/10/02 15:10:28.196,873,Get Identifications,200,OK,bzm - Concurrency Thread Group-ThreadStarter 1-3,text,true,,2033,525,4,4,873,0,626
2023/10/02 15:10:28.438,828,Get Token,200,OK,bzm - Concurrency Thread Group-ThreadStarter 1-1,text,true,,471,335,4,4,828,0,632
2023/10/02 15:10:29.069,402,Get Qualifications,200,OK,bzm - Concurrency Thread Group-ThreadStarter 1-3,text,true,,1027,524,4,4,402,0,0
2023/10/02 15:10:28.822,793,Get Token,200,OK,bzm - Concurrency Thread Group-ThreadStarter 1-2,text,true,,471,335,4,4,793,0,598
2023/10/02 15:10:29.471,202,Get Financial-Relations,400,Bad Request,bzm - Concurrency Thread Group-ThreadStarter 1-3,text,false,,479,547,4,4,202,0,0
2023/10/02 15:10:28.846,839,Get Identifications,200,OK,bzm - Concurrency Thread Group-ThreadStarter 1-4,text,true,,2033,525,4,4,839,0,590
2023/10/02 15:10:29.685,416,Get Qualifications,200,OK,bzm - Concurrency Thread Group-ThreadStarter 1-4,text,true,,1027,524,4,4,416,0,0
2023/10/02 15:10:29.266,840,Get Identifications,200,OK,bzm - Concurrency Thread Group-ThreadStarter 1-1,text,true,,2033,525,4,4,840,0,591
2023/10/02 15:10:30.101,201,Get Financial-Relations,400,Bad Request,bzm - Concurrency Thread Group-ThreadStarter 1-4,text,false,,479,547,4,4,201,0,0
2023/10/02 15:10:29.615,849,Get Identifications,200,OK,bzm - Concurrency Thread Group-ThreadStarter 1-2,text,true,,2033,525,4,4,849,0,599
2023/10/02 15:10:29.673,791,Get Token,200,OK,bzm - Concurrency Thread Group-ThreadStarter 1-3,text,true,,471,335,4,4,791,0,596
2023/10/02 15:10:30.106,414,Get Qualifications,200,OK,bzm - Concurrency Thread Group-ThreadStarter 1-1,text,true,,1027,524,4,4,414,0,0
2023/10/02 15:10:30.521,210,Get Financial-Relations,400,Bad Request,bzm - Concurrency Thread Group-ThreadStarter 1-1,text,false,,479,547,4,4,210,0,0
2023/10/02 15:10:30.464,418,Get Qualifications,200,OK,bzm - Concurrency Thread Group-ThreadStarter 1-2,text,true,,1027,524,4,4,418,0,0
2023/10/02 15:10:30.882,197,Get Financial-Relations,400,Bad Request,bzm - Concurrency Thread Group-ThreadStarter 1-2,text,false,,479,547,4,4,197,0,0
2023/10/02 15:10:30.303,797,Get Token,200,OK,bzm - Concurrency Thread Group-ThreadStarter 1-4,text,true,,471,335,4,4,797,0,602
2023/10/02 15:10:30.732,791,Get Token,200,OK,bzm - Concurrency Thread Group-ThreadStarter 1-1,text,true,,471,335,4,4,791,0,594
2023/10/02 15:10:31.080,801,Get Token,200,OK,bzm - Concurrency Thread Group-ThreadStarter 1-2,text,true,,471,335,4,4,801,0,601
2023/10/02 15:10:30.464,1568,Get Identifications,200,OK,bzm - Concurrency Thread Group-ThreadStarter 1-3,text,true,,2033,525,4,4,1568,0,592
2023/10/02 15:10:31.100,955,Get Identifications,200,OK,bzm - Concurrency Thread Group-ThreadStarter 1-4,text,true,,2033,525,4,4,955,0,595
2023/10/02 15:10:31.523,843,Get Identifications,200,OK,bzm - Concurrency Thread Group-ThreadStarter 1-1,text,true,,2033,525,4,4,843,0,595
2023/10/02 15:10:32.032,435,Get Qualifications,200,OK,bzm - Concurrency Thread Group-ThreadStarter 1-3,text,true,,1027,524,4,4,435,0,0
2023/10/02 15:10:32.056,583,Get Qualifications,200,OK,bzm - Concurrency Thread Group-ThreadStarter 1-4,text,true,,1027,524,4,4,583,0,0
2023/10/02 15:10:32.366,459,Get Qualifications,200,OK,bzm - Concurrency Thread Group-ThreadStarter 1-1,text,true,,1027,524,4,4,459,0,0
2023/10/02 15:10:32.639,200,Get Financial-Relations,400,Bad Request,bzm - Concurrency Thread Group-ThreadStarter 1-4,text,false,,479,547,4,4,200,0,0
2023/10/02 15:10:32.826,198,Get Financial-Relations,400,Bad Request,bzm - Concurrency Thread Group-ThreadStarter 1-1,text,false,,479,547,4,4,198,0,0
2023/10/02 15:10:32.467,594,Get Financial-Relations,400,Bad Request,bzm - Concurrency Thread Group-ThreadStarter 1-3,text,false,,479,547,4,4,594,0,395
2023/10/02 15:10:31.881,1262,Get Identifications,200,OK,bzm - Concurrency Thread Group-ThreadStarter 1-2,text,true,,2033,525,4,4,1262,0,603
2023/10/02 15:10:33.144,408,Get Qualifications,200,OK,bzm - Concurrency Thread Group-ThreadStarter 1-2,text,true,,1027,524,4,4,408,0,0
2023/10/02 15:10:32.840,795,Get Token,200,OK,bzm - Concurrency Thread Group-ThreadStarter 1-4,text,true,,471,335,4,4,795,0,591
2023/10/02 15:10:33.553,199,Get Financial-Relations,400,Bad Request,bzm - Concurrency Thread Group-ThreadStarter 1-2,text,false,,479,547,4,4,199,0,0
2023/10/02 15:10:33.025,788,Get Token,200,OK,bzm - Concurrency Thread Group-ThreadStarter 1-1,text,true,,471,335,4,4,788,0,592
2023/10/02 15:10:33.061,804,Get Token,200,OK,bzm - Concurrency Thread Group-ThreadStarter 1-3,text,true,,471,335,4,4,804,0,598
2023/10/02 15:10:33.635,858,Get Identifications,200,OK,bzm - Concurrency Thread Group-ThreadStarter 1-4,text,true,,2033,525,4,4,858,0,594
2023/10/02 15:10:33.753,802,Get Token,200,OK,bzm - Concurrency Thread Group-ThreadStarter 1-2,text,true,,471,335,4,4,802,0,603
2023/10/02 15:10:33.814,868,Get Identifications,200,OK,bzm - Concurrency Thread Group-ThreadStarter 1-1,text,true,,2033,525,4,4,868,0,603
2023/10/02 15:10:33.866,893,Get Identifications,200,OK,bzm - Concurrency Thread Group-ThreadStarter 1-3,text,true,,2033,525,4,4,893,0,596
2023/10/02 15:10:34.493,454,Get Qualifications,200,OK,bzm - Concurrency Thread Group-ThreadStarter 1-4,text,true,,1027,524,4,4,454,0,0
2023/10/02 15:10:34.682,434,Get Qualifications,200,OK,bzm - Concurrency Thread Group-ThreadStarter 1-1,text,true,,1027,524,4,4,434,0,0
2023/10/02 15:10:34.947,203,Get Financial-Relations,400,Bad Request,bzm - Concurrency Thread Group-ThreadStarter 1-4,text,false,,479,547,4,4,203,0,0
2023/10/02 15:10:34.759,459,Get Qualifications,200,OK,bzm - Concurrency Thread Group-ThreadStarter 1-3,text,true,,1027,524,4,4,459,0,0
2023/10/02 15:10:35.116,205,Get Financial-Relations,400,Bad Request,bzm - Concurrency Thread Group-ThreadStarter 1-1,text,false,,479,547,4,4,205,0,0
2023/10/02 15:10:35.218,207,Get Financial-Relations,400,Bad Request,bzm - Concurrency Thread Group-ThreadStarter 1-3,text,false,,479,547,4,4,207,0,0
2023/10/02 15:10:34.556,882,Get Identifications,200,OK,bzm - Concurrency Thread Group-ThreadStarter 1-2,text,true,,2033,525,4,4,882,0,607
2023/10/02 15:10:35.438,415,Get Qualifications,200,OK,bzm - Concurrency Thread Group-ThreadStarter 1-2,text,true,,1027,524,4,4,414,0,0
2023/10/02 15:10:35.150,837,Get Token,200,OK,bzm - Concurrency Thread Group-ThreadStarter 1-4,text,true,,471,335,4,4,837,0,619
2023/10/02 15:10:35.853,225,Get Financial-Relations,400,Bad Request,bzm - Concurrency Thread Group-ThreadStarter 1-2,text,false,,479,547,4,4,225,0,0
2023/10/02 15:10:35.322,806,Get Token,200,OK,bzm - Concurrency Thread Group-ThreadStarter 1-1,text,true,,471,335,4,4,806,0,602
2023/10/02 15:10:35.425,866,Get Token,200,OK,bzm - Concurrency Thread Group-ThreadStarter 1-3,text,true,,471,335,4,4,866,0,653
2023/10/02 15:10:35.987,875,Get Identifications,200,OK,bzm - Concurrency Thread Group-ThreadStarter 1-4,text,true,,2033,525,4,4,875,0,627
2023/10/02 15:10:36.079,812,Get Token,200,OK,bzm - Concurrency Thread Group-ThreadStarter 1-2,text,true,,471,335,4,4,812,0,610
2023/10/02 15:10:36.129,871,Get Identifications,200,OK,bzm - Concurrency Thread Group-ThreadStarter 1-1,text,true,,2033,525,4,4,871,0,630
2023/10/02 15:10:36.291,863,Get Identifications,200,OK,bzm - Concurrency Thread Group-ThreadStarter 1-3,text,true,,2033,525,4,4,863,0,616
2023/10/02 15:10:36.862,403,Get Qualifications,200,OK,bzm - Concurrency Thread Group-ThreadStarter 1-4,text,true,,1027,524,4,4,403,0,0
2023/10/02 15:10:37.001,419,Get Qualifications,200,OK,bzm - Concurrency Thread Group-ThreadStarter 1-1,text,true,,1027,524,4,4,418,0,0
2023/10/02 15:10:37.266,202,Get Financial-Relations,400,Bad Request,bzm - Concurrency Thread Group-ThreadStarter 1-4,text,false,,479,547,4,4,202,0,0
2023/10/02 15:10:37.154,403,Get Qualifications,200,OK,bzm - Concurrency Thread Group-ThreadStarter 1-3,text,true,,1027,524,4,4,403,0,0
2023/10/02 15:10:37.420,204,Get Financial-Relations,400,Bad Request,bzm - Concurrency Thread Group-ThreadStarter 1-1,text,false,,479,547,4,4,204,0,0
2023/10/02 15:10:37.557,200,Get Financial-Relations,400,Bad Request,bzm - Concurrency Thread Group-ThreadStarter 1-3,text,false,,479,547,4,4,200,0,0
2023/10/02 15:10:36.891,868,Get Identifications,200,OK,bzm - Concurrency Thread Group-ThreadStarter 1-2,text,true,,2033,525,4,4,868,0,623
2023/10/02 15:10:37.759,403,Get Qualifications,200,OK,bzm - Concurrency Thread Group-ThreadStarter 1-2,text,true,,1027,524,4,4,403,0,0
2023/10/02 15:10:37.469,813,Get Token,200,OK,bzm - Concurrency Thread Group-ThreadStarter 1-4,text,true,,471,335,4,4,813,0,616
2023/10/02 15:10:38.162,198,Get Financial-Relations,400,Bad Request,bzm - Concurrency Thread Group-ThreadStarter 1-2,text,false,,479,547,4,4,198,0,0
2023/10/02 15:10:37.625,796,Get Token,200,OK,bzm - Concurrency Thread Group-ThreadStarter 1-1,text,true,,471,335,4,4,796,0,601
2023/10/02 15:10:37.758,842,Get Token,200,OK,bzm - Concurrency Thread Group-ThreadStarter 1-3,text,true,,471,335,4,4,842,0,648
2023/10/02 15:10:38.282,847,Get Identifications,200,OK,bzm - Concurrency Thread Group-ThreadStarter 1-4,text,true,,2033,525,4,4,847,0,602
2023/10/02 15:10:38.360,820,Get Token,200,OK,bzm - Concurrency Thread Group-ThreadStarter 1-2,text,true,,471,335,4,4,820,0,604
2023/10/02 15:10:38.422,862,Get Identifications,200,OK,bzm - Concurrency Thread Group-ThreadStarter 1-1,text,true,,2033,525,4,4,862,0,619
2023/10/02 15:10:38.600,847,Get Identifications,200,OK,bzm - Concurrency Thread Group-ThreadStarter 1-3,text,true,,2033,525,4,4,847,0,600
2023/10/02 15:10:39.130,400,Get Qualifications,200,OK,bzm - Concurrency Thread Group-ThreadStarter 1-4,text,true,,1027,524,4,4,400,0,0
2023/10/02 15:10:39.284,410,Get Qualifications,200,OK,bzm - Concurrency Thread Group-ThreadStarter 1-1,text,true,,1027,524,4,4,410,0,0
2023/10/02 15:10:39.530,200,Get Financial-Relations,400,Bad Request,bzm - Concurrency Thread Group-ThreadStarter 1-4,text,false,,479,547,4,4,200,0,0
2023/10/02 15:10:39.447,405,Get Qualifications,200,OK,bzm - Concurrency Thread Group-ThreadStarter 1-3,text,true,,1027,524,4,4,405,0,0
2023/10/02 15:10:39.694,202,Get Financial-Relations,400,Bad Request,bzm - Concurrency Thread Group-ThreadStarter 1-1,text,false,,479,547,4,4,202,0,0
2023/10/02 15:10:39.180,868,Get Identifications,200,OK,bzm - Concurrency Thread Group-ThreadStarter 1-2,text,true,,2033,525,4,4,868,0,627
2023/10/02 15:10:39.852,208,Get Financial-Relations,400,Bad Request,bzm - Concurrency Thread Group-ThreadStarter 1-3,text,false,,479,547,4,4,208,0,0
2023/10/02 15:10:40.048,422,Get Qualifications,200,OK,bzm - Concurrency Thread Group-ThreadStarter 1-2,text,true,,1027,524,4,4,422,0,0
2023/10/02 15:10:39.731,816,Get Token,200,OK,bzm - Concurrency Thread Group-ThreadStarter 1-4,text,true,,471,335,4,4,816,0,597
2023/10/02 15:10:40.470,222,Get Financial-Relations,400,Bad Request,bzm - Concurrency Thread Group-ThreadStarter 1-2,text,false,,479,547,4,4,222,0,0
2023/10/02 15:10:39.897,866,Get Token,200,OK,bzm - Concurrency Thread Group-ThreadStarter 1-1,text,true,,471,335,4,4,866,0,650
2023/10/02 15:10:40.060,804,Get Token,200,OK,bzm - Concurrency Thread Group-ThreadStarter 1-3,text,true,,471,335,4,4,804,0,605
2023/10/02 15:10:40.547,902,Get Identifications,200,OK,bzm - Concurrency Thread Group-ThreadStarter 1-4,text,true,,2033,525,4,4,902,0,637
2023/10/02 15:10:40.693,835,Get Token,200,OK,bzm - Concurrency Thread Group-ThreadStarter 1-2,text,true,,471,335,4,4,835,0,637
2023/10/02 15:10:40.764,908,Get Identifications,200,OK,bzm - Concurrency Thread Group-ThreadStarter 1-1,text,true,,2033,525,4,4,908,0,655
2023/10/02 15:10:40.864,908,Get Identifications,200,OK,bzm - Concurrency Thread Group-ThreadStarter 1-3,text,true,,2033,525,4,4,908,0,619
2023/10/02 15:10:41.449,417,Get Qualifications,200,OK,bzm - Concurrency Thread Group-ThreadStarter 1-4,text,true,,1027,524,4,4,417,0,0
2023/10/02 15:10:41.867,226,Get Financial-Relations,400,Bad Request,bzm - Concurrency Thread Group-ThreadStarter 1-4,text,false,,479,547,4,4,226,0,0
2023/10/02 15:10:41.672,430,Get Qualifications,200,OK,bzm - Concurrency Thread Group-ThreadStarter 1-1,text,true,,1027,524,4,4,430,0,0
2023/10/02 15:10:41.772,416,Get Qualifications,200,OK,bzm - Concurrency Thread Group-ThreadStarter 1-3,text,true,,1027,524,4,4,416,0,0
2023/10/02 15:10:42.102,207,Get Financial-Relations,400,Bad Request,bzm - Concurrency Thread Group-ThreadStarter 1-1,text,false,,479,547,4,4,207,0,0
2023/10/02 15:10:42.188,220,Get Financial-Relations,400,Bad Request,bzm - Concurrency Thread Group-ThreadStarter 1-3,text,false,,479,547,4,4,220,0,0
2023/10/02 15:10:41.528,948,Get Identifications,200,OK,bzm - Concurrency Thread Group-ThreadStarter 1-2,text,true,,2033,525,4,4,948,0,629
2023/10/02 15:10:42.477,423,Get Qualifications,200,OK,bzm - Concurrency Thread Group-ThreadStarter 1-2,text,true,,1027,524,4,4,423,0,0
2023/10/02 15:10:42.094,893,Get Token,200,OK,bzm - Concurrency Thread Group-ThreadStarter 1-4,text,true,,471,335,4,4,893,0,670
2023/10/02 15:10:42.900,214,Get Financial-Relations,400,Bad Request,bzm - Concurrency Thread Group-ThreadStarter 1-2,text,false,,479,547,4,4,214,0,0
2023/10/02 15:10:42.310,851,Get Token,200,OK,bzm - Concurrency Thread Group-ThreadStarter 1-1,text,true,,471,335,4,4,851,0,649
2023/10/02 15:10:42.409,831,Get Token,200,OK,bzm - Concurrency Thread Group-ThreadStarter 1-3,text,true,,471,335,4,4,831,0,615
2023/10/02 15:10:42.988,929,Get Identifications,200,OK,bzm - Concurrency Thread Group-ThreadStarter 1-4,text,true,,2033,525,4,4,929,0,673
2023/10/02 15:10:43.115,827,Get Token,200,OK,bzm - Concurrency Thread Group-ThreadStarter 1-2,text,true,,471,335,4,4,827,0,624
2023/10/02 15:10:43.161,873,Get Identifications,200,OK,bzm - Concurrency Thread Group-ThreadStarter 1-1,text,true,,2033,525,4,4,873,0,618
2023/10/02 15:10:43.241,874,Get Identifications,200,OK,bzm - Concurrency Thread Group-ThreadStarter 1-3,text,true,,2033,525,4,4,874,0,634
2023/10/02 15:10:43.917,433,Get Qualifications,200,OK,bzm - Concurrency Thread Group-ThreadStarter 1-4,text,true,,1027,524,4,4,433,0,0
2023/10/02 15:10:44.034,410,Get Qualifications,200,OK,bzm - Concurrency Thread Group-ThreadStarter 1-1,text,true,,1027,524,4,4,410,0,0
2023/10/02 15:10:44.115,433,Get Qualifications,200,OK,bzm - Concurrency Thread Group-ThreadStarter 1-3,text,true,,1027,524,4,4,433,0,0
2023/10/02 15:10:44.350,204,Get Financial-Relations,400,Bad Request,bzm - Concurrency Thread Group-ThreadStarter 1-4,text,false,,479,547,4,4,204,0,0
2023/10/02 15:10:44.445,216,Get Financial-Relations,400,Bad Request,bzm - Concurrency Thread Group-ThreadStarter 1-1,text,false,,479,547,4,4,216,0,0
2023/10/02 15:10:44.548,211,Get Financial-Relations,400,Bad Request,bzm - Concurrency Thread Group-ThreadStarter 1-3,text,false,,479,547,4,4,211,0,0
2023/10/02 15:10:43.942,855,Get Identifications,200,OK,bzm - Concurrency Thread Group-ThreadStarter 1-2,text,true,,2033,525,4,4,855,0,612
2023/10/02 15:10:44.797,456,Get Qualifications,200,OK,bzm - Concurrency Thread Group-ThreadStarter 1-2,text,true,,1027,524,4,4,455,0,0
2023/10/02 15:10:44.554,851,Get Token,200,OK,bzm - Concurrency Thread Group-ThreadStarter 1-4,text,true,,471,335,4,4,851,0,638
2023/10/02 15:10:45.253,218,Get Financial-Relations,400,Bad Request,bzm - Concurrency Thread Group-ThreadStarter 1-2,text,false,,479,547,4,4,218,0,0
2023/10/02 15:10:44.662,896,Get Token,200,OK,bzm - Concurrency Thread Group-ThreadStarter 1-1,text,true,,471,335,4,4,896,0,686
2023/10/02 15:10:44.760,875,Get Token,200,OK,bzm - Concurrency Thread Group-ThreadStarter 1-3,text,true,,471,335,4,4,875,0,645
2023/10/02 15:10:45.471,827,Get Token,200,OK,bzm - Concurrency Thread Group-ThreadStarter 1-2,text,true,,471,335,4,4,827,0,622
2023/10/02 15:10:45.406,936,Get Identifications,200,OK,bzm - Concurrency Thread Group-ThreadStarter 1-4,text,true,,2033,525,4,4,936,0,672
2023/10/02 15:10:45.559,880,Get Identifications,200,OK,bzm - Concurrency Thread Group-ThreadStarter 1-1,text,true,,2033,525,4,4,880,0,622
2023/10/02 15:10:45.635,969,Get Identifications,200,OK,bzm - Concurrency Thread Group-ThreadStarter 1-3,text,true,,2033,525,4,4,969,0,732
2023/10/02 15:10:46.342,483,Get Qualifications,200,OK,bzm - Concurrency Thread Group-ThreadStarter 1-4,text,true,,1027,524,4,4,483,0,0
2023/10/02 15:10:46.439,435,Get Qualifications,200,OK,bzm - Concurrency Thread Group-ThreadStarter 1-1,text,true,,1027,524,4,4,435,0,0
2023/10/02 15:10:46.605,413,Get Qualifications,200,OK,bzm - Concurrency Thread Group-ThreadStarter 1-3,text,true,,1027,524,4,4,413,0,0
2023/10/02 15:10:46.825,231,Get Financial-Relations,400,Bad Request,bzm - Concurrency Thread Group-ThreadStarter 1-4,text,false,,479,547,4,4,231,0,0
2023/10/02 15:10:46.874,235,Get Financial-Relations,400,Bad Request,bzm - Concurrency Thread Group-ThreadStarter 1-1,text,false,,479,547,4,4,235,0,0
2023/10/02 15:10:46.299,878,Get Identifications,200,OK,bzm - Concurrency Thread Group-ThreadStarter 1-2,text,true,,2033,525,4,4,878,0,598
2023/10/02 15:10:47.018,205,Get Financial-Relations,400,Bad Request,bzm - Concurrency Thread Group-ThreadStarter 1-3,text,false,,479,547,4,4,205,0,0
2023/10/02 15:10:47.177,406,Get Qualifications,200,OK,bzm - Concurrency Thread Group-ThreadStarter 1-2,text,true,,1027,524,4,4,406,0,0
2023/10/02 15:10:47.583,225,Get Financial-Relations,400,Bad Request,bzm - Concurrency Thread Group-ThreadStarter 1-2,text,false,,479,547,4,4,225,0,0
2023/10/02 15:10:47.057,840,Get Token,200,OK,bzm - Concurrency Thread Group-ThreadStarter 1-4,text,true,,471,335,4,4,840,0,621
2023/10/02 15:10:47.112,888,Get Token,200,OK,bzm - Concurrency Thread Group-ThreadStarter 1-1,text,true,,471,335,4,4,888,0,643
2023/10/02 15:10:47.223,880,Get Token,200,OK,bzm - Concurrency Thread Group-ThreadStarter 1-3,text,true,,471,335,4,4,880,0,646
2023/10/02 15:10:47.809,871,Get Token,200,OK,bzm - Concurrency Thread Group-ThreadStarter 1-2,text,true,,471,335,6,6,871,0,671
2023/10/02 15:10:47.898,924,Get Identifications,200,OK,bzm - Concurrency Thread Group-ThreadStarter 1-4,text,true,,2033,525,6,6,923,0,658
2023/10/02 15:10:48.000,923,Get Identifications,200,OK,bzm - Concurrency Thread Group-ThreadStarter 1-1,text,true,,2033,525,6,6,923,0,686
2023/10/02 15:10:48.104,922,Get Identifications,200,OK,bzm - Concurrency Thread Group-ThreadStarter 1-3,text,true,,2033,525,6,6,922,0,682
2023/10/02 15:10:48.256,842,Get Token,200,OK,bzm - Concurrency Thread Group-ThreadStarter 1-5,text,true,,471,335,6,6,842,0,647
2023/10/02 15:10:48.269,845,Get Token,200,OK,bzm - Concurrency Thread Group-ThreadStarter 1-6,text,true,,471,335,6,6,845,0,647
2023/10/02 15:10:48.822,423,Get Qualifications,200,OK,bzm - Concurrency Thread Group-ThreadStarter 1-4,text,true,,1027,524,6,6,423,0,0
2023/10/02 15:10:48.923,411,Get Qualifications,200,OK,bzm - Concurrency Thread Group-ThreadStarter 1-1,text,true,,1027,524,6,6,411,0,0
2023/10/02 15:10:49.027,411,Get Qualifications,200,OK,bzm - Concurrency Thread Group-ThreadStarter 1-3,text,true,,1027,524,6,6,411,0,0
2023/10/02 15:10:49.246,208,Get Financial-Relations,400,Bad Request,bzm - Concurrency Thread Group-ThreadStarter 1-4,text,false,,479,547,6,6,208,0,0
2023/10/02 15:10:49.339,214,Get Financial-Relations,400,Bad Request,bzm - Concurrency Thread Group-ThreadStarter 1-1,text,false,,479,547,6,6,214,0,0
2023/10/02 15:10:48.681,898,Get Identifications,200,OK,bzm - Concurrency Thread Group-ThreadStarter 1-2,text,true,,2033,525,6,6,898,0,651
2023/10/02 15:10:49.439,223,Get Financial-Relations,400,Bad Request,bzm - Concurrency Thread Group-ThreadStarter 1-3,text,false,,479,547,6,6,223,0,0
2023/10/02 15:10:49.580,416,Get Qualifications,200,OK,bzm - Concurrency Thread Group-ThreadStarter 1-2,text,true,,1027,524,6,6,416,0,0
2023/10/02 15:10:49.997,226,Get Financial-Relations,400,Bad Request,bzm - Concurrency Thread Group-ThreadStarter 1-2,text,false,,479,547,6,6,226,0,0
2023/10/02 15:10:49.115,1158,Get Identifications,200,OK,bzm - Concurrency Thread Group-ThreadStarter 1-6,text,true,,2033,525,6,6,1158,0,651
2023/10/02 15:10:49.454,842,Get Token,200,OK,bzm - Concurrency Thread Group-ThreadStarter 1-4,text,true,,471,335,6,6,842,0,630
2023/10/02 15:10:49.099,1208,Get Identifications,200,OK,bzm - Concurrency Thread Group-ThreadStarter 1-5,text,true,,2033,525,6,6,1208,0,657
2023/10/02 15:10:49.554,830,Get Token,200,OK,bzm - Concurrency Thread Group-ThreadStarter 1-1,text,true,,471,335,6,6,830,0,620
2023/10/02 15:10:49.663,835,Get Token,200,OK,bzm - Concurrency Thread Group-ThreadStarter 1-3,text,true,,471,335,6,6,835,0,633
2023/10/02 15:10:50.273,403,Get Qualifications,200,OK,bzm - Concurrency Thread Group-ThreadStarter 1-6,text,true,,1027,524,6,6,403,0,0
2023/10/02 15:10:50.307,411,Get Qualifications,200,OK,bzm - Concurrency Thread Group-ThreadStarter 1-5,text,true,,1027,524,6,6,411,0,0
2023/10/02 15:10:50.677,207,Get Financial-Relations,400,Bad Request,bzm - Concurrency Thread Group-ThreadStarter 1-6,text,false,,479,547,6,6,207,0,0
2023/10/02 15:10:50.719,208,Get Financial-Relations,400,Bad Request,bzm - Concurrency Thread Group-ThreadStarter 1-5,text,false,,479,547,6,6,208,0,0
2023/10/02 15:10:50.224,818,Get Token,200,OK,bzm - Concurrency Thread Group-ThreadStarter 1-2,text,true,,471,335,6,6,818,0,613
2023/10/02 15:10:50.297,863,Get Identifications,200,OK,bzm - Concurrency Thread Group-ThreadStarter 1-4,text,true,,2033,525,6,6,863,0,606
2023/10/02 15:10:50.384,878,Get Identifications,200,OK,bzm - Concurrency Thread Group-ThreadStarter 1-1,text,true,,2033,525,6,6,878,0,632
2023/10/02 15:10:50.498,883,Get Identifications,200,OK,bzm - Concurrency Thread Group-ThreadStarter 1-3,text,true,,2033,525,6,6,883,0,617
2023/10/02 15:10:51.160,422,Get Qualifications,200,OK,bzm - Concurrency Thread Group-ThreadStarter 1-4,text,true,,1027,524,6,6,422,0,0
2023/10/02 15:10:51.262,415,Get Qualifications,200,OK,bzm - Concurrency Thread Group-ThreadStarter 1-1,text,true,,1027,524,6,6,415,0,0
2023/10/02 15:10:50.885,824,Get Token,200,OK,bzm - Concurrency Thread Group-ThreadStarter 1-6,text,true,,471,335,6,6,824,0,607
2023/10/02 15:10:50.927,824,Get Token,200,OK,bzm - Concurrency Thread Group-ThreadStarter 1-5,text,true,,471,335,6,6,824,0,625
2023/10/02 15:10:51.583,215,Get Financial-Relations,400,Bad Request,bzm - Concurrency Thread Group-ThreadStarter 1-4,text,false,,479,547,6,6,215,0,0
2023/10/02 15:10:51.381,417,Get Qualifications,200,OK,bzm - Concurrency Thread Group-ThreadStarter 1-3,text,true,,1027,524,6,6,417,0,0
2023/10/02 15:10:51.677,217,Get Financial-Relations,400,Bad Request,bzm - Concurrency Thread Group-ThreadStarter 1-1,text,false,,479,547,6,6,217,0,0
2023/10/02 15:10:51.042,894,Get Identifications,200,OK,bzm - Concurrency Thread Group-ThreadStarter 1-2,text,true,,2033,525,6,6,894,0,635
2023/10/02 15:10:51.798,201,Get Financial-Relations,400,Bad Request,bzm - Concurrency Thread Group-ThreadStarter 1-3,text,false,,479,547,6,6,201,0,0
2023/10/02 15:10:51.936,416,Get Qualifications,200,OK,bzm - Concurrency Thread Group-ThreadStarter 1-2,text,true,,1027,524,6,6,416,0,0
2023/10/02 15:10:52.352,204,Get Financial-Relations,400,Bad Request,bzm - Concurrency Thread Group-ThreadStarter 1-2,text,false,,479,547,6,6,204,0,0
2023/10/02 15:10:51.798,801,Get Token,200,OK,bzm - Concurrency Thread Group-ThreadStarter 1-4,text,true,,471,335,6,6,801,0,596
2023/10/02 15:10:51.751,892,Get Identifications,200,OK,bzm - Concurrency Thread Group-ThreadStarter 1-5,text,true,,2033,525,6,6,892,0,601
2023/10/02 15:10:51.710,949,Get Identifications,200,OK,bzm - Concurrency Thread Group-ThreadStarter 1-6,text,true,,2033,525,6,6,949,0,627
2023/10/02 15:10:51.895,843,Get Token,200,OK,bzm - Concurrency Thread Group-ThreadStarter 1-1,text,true,,471,335,6,6,843,0,643
2023/10/02 15:10:51.999,812,Get Token,200,OK,bzm - Concurrency Thread Group-ThreadStarter 1-3,text,true,,471,335,6,6,812,0,612
2023/10/02 15:10:52.643,409,Get Qualifications,200,OK,bzm - Concurrency Thread Group-ThreadStarter 1-5,text,true,,1027,524,6,6,409,0,0
2023/10/02 15:10:52.659,405,Get Qualifications,200,OK,bzm - Concurrency Thread Group-ThreadStarter 1-6,text,true,,1027,524,6,6,405,0,0
2023/10/02 15:10:52.600,573,Get Identifications,Non HTTP response code: java.net.SocketException,Non HTTP response message: Socket closed,bzm - Concurrency Thread Group-ThreadStarter 1-4,text,false,,2935,0,6,6,0,0,573
2023/10/02 15:10:52.812,363,Get Identifications,Non HTTP response code: java.net.SocketException,Non HTTP response message: Socket closed,bzm - Concurrency Thread Group-ThreadStarter 1-3,text,false,,2935,0,6,6,0,0,363
2023/10/02 15:10:53.064,112,Get Financial-Relations,Non HTTP response code: java.net.SocketException,Non HTTP response message: Socket closed,bzm - Concurrency Thread Group-ThreadStarter 1-6,text,false,,2980,0,5,5,0,0,0
2023/10/02 15:10:52.557,617,Get Token,Non HTTP response code: java.net.SocketException,Non HTTP response message: Socket closed,bzm - Concurrency Thread Group-ThreadStarter 1-2,text,false,,2980,0,6,6,0,0,608
2023/10/02 15:10:52.738,439,Get Identifications,Non HTTP response code: java.net.SocketException,Non HTTP response message: Socket closed,bzm - Concurrency Thread Group-ThreadStarter 1-1,text,false,,2935,0,4,4,0,0,439
2023/10/02 15:10:53.052,127,Get Financial-Relations,Non HTTP response code: java.net.SocketException,Non HTTP response message: Socket closed,bzm - Concurrency Thread Group-ThreadStarter 1-5,text,false,,2980,0,2,2,0,0,0
